zdid,zdmc,station_code,station_telecode,station_shortname
1,北京,10001,BJP,京
2,亦庄,10004,YUP,亦
3,武清,10007,WWP,武
4,南仓所,10008,NVP,南
5,北京南,10010,VNP,京
6,丰台,10025,FTP,丰
7,黄土坡,10034,HTP,黄
8,黄村,10037,HCP,黄
9,魏善庄,10064,WSP,魏
10,安定,10067,ADP,安
11,万庄,10070,WZP,万
12,廊坊北,10073,LFP,廊
13,落垡,10076,LOP,落
14,豆张庄,10079,RZP,豆
15,杨村,10082,YBP,杨
16,汉沟镇,10091,HZP,汉
17,北仓,10094,BCP,北
18,南仓,10100,NCP,南
19,天津北,10148,TBP,津
20,天津,10157,TJP,津
21,塘沽,10172,TGP,塘
22,泰达,10173,TDA,泰
23,茶淀,10193,CVP,茶
24,汉沽,10196,HGP,汉
25,芦台,10199,LTP,芦
26,田庄,10202,TWP,田
27,唐坊,10205,TFP,唐
28,丰南,10211,FDP,丰
29,唐山,10214,TSP,唐
30,石郎庄,10250,OLP,石
31,福山寺,10253,FSP,福
32,马柳,10256,MLP,马
33,杨各庄,10262,AGP,杨
34,滦县,10268,UXP,滦
35,滦县东,10271,LXP,滦
36,昌黎,10292,CLP,昌
37,北戴河,10307,BEP,北
38,秦皇岛,10319,QTP,秦
39,龙家营,10328,LKP,龙
40,山海关,10331,SHD,山
41,东戴河,10334,RDD,东
42,龙家营所,10363,UFP,龙
43,广安门,10436,GAP,广
44,曹子里,10493,CFP,曹
45,崔黄口,10499,CHP,崔
46,大口屯,10502,DKP,大
47,宝坻,10508,BPP,宝
48,下仓,10514,ECP,下
49,上仓,10520,SKP,上
50,蓟县,10526,JKP,蓟
51,三百吨,10676,SUP,三
52,燕郊,11108,AJP,燕
53,大厂县,11117,REP,大
54,三平,11120,OWP,三
55,三河县,11123,OXP,三
56,段甲岭,11126,RJP,段
57,蓟县南,11132,JIP,蓟
58,别山,11138,BSP,别
59,螺山,11141,LSP,螺
60,玉田县,11147,ATP,玉
61,富庄子,11153,FIP,富
62,唐山北,11159,FUP,唐
63,狼窝铺,11186,UOP,狼
64,沙子河,11189,OPP,沙
65,马铺营,11192,MPP,马
66,迁安,11198,QQP,迁
67,卢龙,11210,UAP,卢
68,抚宁,11219,FNP,抚
69,双桥,11333,SQP,双
70,通州西,11354,TAP,通
71,张辛,11363,ZIP,张
72,顺义,11366,SOP,顺
73,高各庄,11372,GGP,高
74,庙城,11375,MAP,庙
75,怀柔,11378,HRP,怀
76,统军庄,11381,TZP,统
77,密云北,11387,MUP,密
78,六道河子,11426,LVP,六
79,前苇塘,11429,QWP,前
80,兴隆县,11432,EXP,兴
81,北马圈子,11438,BRP,北
82,鹰手营子,11441,YIP,鹰
83,洞庙河,11444,DEP,洞
84,下台子,11465,EIP,下
85,潘家店,11471,PDP,潘
86,南湾子,11472,NWP,南
87,新杖子,11477,ERP,新
88,西大庙,11480,XMP,西
89,上板城南,11483,OBP,上
90,上板城,11486,SBP,上
91,承德东,11489,CCP,承
92,承德,11492,CDP,承
93,北京东,12158,BOP,京
94,沙河,12170,SHP,沙
95,昌平,12173,CPP,昌
96,南口,12176,NKP,南
97,青龙桥,12212,QLP,青
98,八达岭,12215,ILP,八
99,康庄,12221,KZP,康
100,东花园,12242,DNP,东
101,狼山,12248,LEP,狼
102,沙城,12254,SCP,沙
103,新保安,12275,XAP,新
104,西八里,12278,XLP,西
105,下花园,12281,XYP,下
106,宣化,12290,XHP,宣
107,沙岭子,12302,SLP,沙
108,张家口南,12308,ZMP,张
109,孔家庄,12320,KJP,孔
110,郭磊庄,12326,GLP,郭
111,柴沟堡,12332,CGV,柴
112,永嘉堡,12344,YJV,永
113,天镇,12350,TZV,安
114,阳高,12362,YOV,阳
115,大同东,12389,DDV,大
116,大同,12392,DTV,大
117,古店,12440,GIV,古
118,孤山,12449,GSC,孤
119,堡子湾,12455,PZC,堡
120,丰镇,12461,FZC,丰
121,新安庄,12467,XAC,新
122,永王庄,12470,YWC,永
123,红砂坝,12473,HSC,红
124,土贵乌拉,12479,TGC,土
125,苏集,12485,SJC,苏
126,古营盘,12488,GYC,古
127,集宁南,12494,JAC,集
128,八苏木,12524,BSC,八
129,十八台,12530,SBC,十
130,马盖图,12536,MGC,马
131,卓资山,12542,ZZC,卓
132,卓资东,12543,ZDC,卓
133,福生庄,12548,FSC,福
134,三道营,12554,SDC,三
135,旗下营,12560,QXC,旗
136,旗下营东,12561,QDC,旗
137,民族,12566,MZC,民
138,陶卜齐,12569,TBC,陶
139,白塔,12575,BOC,白
140,呼和浩特东,12578,NDC,呼
141,呼和浩特,12581,HHC,呼
142,台阁牧,12596,TMC,台
143,毕克齐,12602,BKC,毕
144,察素齐,12605,CSC,察
145,陶思浩,12611,TSC,陶
146,美岱召,12617,MDC,美
147,萨拉齐东,12622,SCC,萨
148,萨拉齐,12623,SLC,萨
149,公积坂,12629,GJC,公
150,东兴,12635,DXC,东
151,包头东,12647,BDC,包
152,清河,12707,QIP,清
153,清华园,12710,QHP,清
154,北京北,12713,VAP,京
155,滩头湾,12804,TAQ,滩
156,石景山南,13385,SRP,石
157,大灰厂,14186,DHP,大
158,上万,14189,SWP,上
159,南观村,14192,NGP,南
160,燕山,14195,AOP,燕
161,良各庄,14204,LGP,良
162,孤山口,14213,GSP,孤
163,云居寺,14219,AFP,云
164,三合庄,14222,SVP,三
165,十渡,14225,SEP,十
166,平峪,14228,PYP,平
167,百里峡,14234,AAP,百
168,野三坡,14237,AIP,野
169,福山口,14240,FKP,福
170,白涧,14243,BAP,白
171,板城,14264,BUP,板
172,南城司,14267,NSP,南
173,奇峰塔,14270,QVP,奇
174,紫荆关,14273,ZYP,紫
175,大盘石,14276,RPP,大
176,塔崖驿,14279,TYP,塔
177,王安镇,14282,WVP,王
178,浮图峪,14288,FYP,浮
179,北屯,14291,BYP,北
180,涞源,14294,LYP,涞
181,小西庄,14297,XXP,小
182,艾河,14300,AHP,艾
183,招柏,14306,ZBP,招
184,云彩岭,14309,ACP,云
185,大涧,14312,DFP,大
186,灵丘,14315,LVV,灵
187,平型关,14342,PGV,平
188,东淤地,14345,DBV,东
189,东庄,14348,DZV,东
190,大营,14351,DYV,大
191,五台山,14357,WSV,五
192,繁峙,14366,FSV,繁
193,下社,14369,XSV,下
194,枣林,14372,ZIV,枣
195,代县,14375,DKV,代
196,阳明堡,14378,YVV,阳
197,薛孤,14387,XVV,薛
198,原平,14390,YPV,原
199,万水泉,14486,WAC,万
200,包头,14489,BTC,包
201,包头西,14507,BXC,包
202,哈业胡同,14570,HTC,哈
203,白彦花,14576,BHC,白
204,公庙子,14588,GMC,公
205,乌拉山,14594,WSC,乌
206,乌拉特前旗,14600,WQC,乌
207,西小召,14612,XZC,西
208,东土城,14618,DTC,东
209,五原,14624,WYC,五
210,四分滩,14636,SFC,四
211,杜家台,14642,DJC,杜
212,临河,14648,LHC,临
213,头道桥,14678,TDC,头
214,巴彦高勒,14690,BAC,巴
215,杭锦旗,14696,HJC,杭
216,桃司兔,14705,TTC,桃
217,碱柜,14717,JGC,碱
218,乌海北,14723,WBC,乌
219,乌海,14729,WVC,乌
220,乌海西,14759,WXC,乌
221,惠农,14789,HMJ,惠
222,平罗,14822,SZJ,平
223,石嘴山,14825,QQJ,石
224,西大滩,14828,XAJ,西
225,暖泉,14834,NQJ,暖
226,银川,14846,YIJ,银
227,银川南,14866,YEJ,银
228,黄羊滩,14876,HGJ,黄
229,大坝,14888,DBJ,大
230,青铜峡,14894,QTJ,青
231,中宁,14915,VNJ,中
232,黄羊湾,14921,HWJ,黄
233,柳家庄,14924,LKJ,柳
234,中卫,14933,ZWJ,中
235,迎水桥,14954,YQJ,迎
236,沙坡头,14957,SFJ,沙
237,干塘,14978,GNJ,干
238,营盘水,15002,YZJ,营
239,长城,15011,CEJ,长
240,景泰,15014,JTJ,景
241,兴泉堡,15017,XQJ,兴
242,红岘台,15032,HTJ,红
243,红砂岘,15041,VSJ,红
244,白银西,15044,BXJ,白
245,朱家窑,15068,ZUJ,朱
246,丰水村,15071,FSJ,丰
247,皋兰,15077,GEJ,皋
248,邵家堂,15086,SJJ,邵
249,水源,15089,OYJ,水
250,兰州东,15104,LVJ,兰
251,杭锦后旗,15800,HDC,杭
252,呼和温都尔,15803,HPC,呼
253,农垦四团,15806,NKC,农
254,毛德呼热,15809,MFC,毛
255,查干得日斯,15812,CPC,查
256,多尔本毛道,15815,DGC,多
257,图克木庙,15818,TKC,图
258,莫尔格,15821,MEC,莫
259,格勒,15824,GKC,格
260,互做布其,15827,HZC,互
261,苏宏图,15830,SKC,苏
262,阿达日嘎,15833,AEC,阿
263,塔拉哈尔,15836,TLC,塔
264,沃博尔,15839,WEC,沃
265,辉森乌拉西,15842,HXC,辉
266,天鹅湖,15845,TEC,天
267,额济纳,15848,EJC,额
268,京津所,16007,JTP,京
269,天津西,16010,TXP,津
270,杨柳青,16016,YQP,杨
271,静海,16031,JHP,静
272,唐官屯,16040,TUP,唐
273,青县,16046,QXP,青
274,沧州,16058,COP,沧
275,泊头,16088,BZP,泊
276,东光,16094,DGP,东
277,吴桥,16109,WUP,吴
278,德州,16115,DZP,德
279,平原,16148,PYK,平
280,禹城,16160,YCK,禹
281,晏城北,16171,YYK,晏
282,晏城,16172,YEK,晏
283,桥南,16283,QNK,桥
284,济南,16295,JNK,济
285,党家庄,16319,DJK,党
286,泰山,16352,TAK,泰
287,磁窑,16373,CYK,磁
288,兖州,16400,YZK,兖
289,邹城,16463,ZIK,邹
290,滕州,16487,TXK,滕
291,枣庄西,16505,ZFK,枣
292,灵璧,16607,GMH,灵
293,泗县,16611,GPH,泗
294,泗洪,16615,GQH,泗
295,洋河,16619,GTH,洋
296,泗阳,16623,MPH,泗
297,徐州,16628,XCH,徐
298,符离集,16664,FLH,符
299,宿州,16670,OXH,宿
300,固镇,16694,GEH,固
301,凤阳,16739,FUH,凤
302,明光,16751,MGH,明
303,滁州北,16775,CUH,滁
304,永宁镇,16799,YNH,永
305,林场,16802,LIH,林
306,南京南,16804,NKH,南
307,南京,16805,NJH,宁
308,浦口,16806,PKH,浦
309,亭子山,16807,EFH,亭
310,全椒,16810,INH,全
311,巢北,16816,ICH,巢
312,肥东,16819,FIH,肥
313,金寨,16825,JZH,金
314,墩义堂,16827,RTH,墩
315,麻城北,16829,MBN,麻
316,红安西,16831,VXN,红
317,青龙山,17102,QGH,青
318,如皋,17120,RBH,如
319,涡阳,17198,GYH,涡
320,袁寨,17246,YRH,袁
321,颍上,17264,YVH,颍
322,张集,17270,VJH,张
323,六合,17361,KLH,六
324,仪征,17363,UZH,仪
325,扬州,17364,YLH,扬
326,江都,17366,UDH,江
327,泰州,17368,UTH,泰
328,姜堰,17369,UEH,姜
329,海安县,17370,HIH,海
330,栟茶,17373,FWH,栟
331,如东,17376,RIH,如
332,济南东,17699,JAK,济
333,章丘,17748,ZTK,章
334,淄博,17786,ZBK,淄
335,临淄,17861,LZK,临
336,青州市,17882,QZK,青
337,昌乐,17903,CLK,昌
338,潍坊,17912,WFK,潍
339,高密,17960,GMK,高
340,胶州北,17963,JZK,胶
341,胶州,17984,JXK,胶
342,蓝村,17999,LCK,蓝
343,即墨,18053,JMK,即
344,城阳,18056,CEK,城
345,沧口,18065,CKK,沧
346,四方,18077,SFK,四
347,大港,18086,DGK,大
348,青岛北,18088,QHK,青
349,青岛,18089,QDK,青
350,莱西,18515,LXK,莱
351,莱阳,18521,LYK,莱
352,海阳,18533,HYK,海
353,桃村,18539,TCK,桃
354,烟台,18557,YAK,烟
355,袁北,18851,WNH,袁
356,南通,19124,NUH,南
357,诸城,19286,ZQK,诸
358,五莲,19290,WLK,五
359,莒县,19294,JKK,莒
360,沂水,19295,YUK,沂
361,沂南,19297,YNK,沂
362,临沂北,19298,UYK,临
363,临沂南,19300,UNK,临
364,郯城,19304,TZK,郯
365,新沂西,19308,XDK,新
366,水家湖,19385,SQH,水
367,合肥南,19423,ENH,合
368,合肥,19424,HFH,合
369,合肥北城,19427,COH,合
370,淮南东,19430,HOH,淮
371,三十里铺,19465,LAH,三
372,蚌埠,19583,BBH,蚌
373,淮南,19682,HAH,淮
374,合肥西,19808,HTH,合
375,肥西,19826,FAH,肥
376,舒城,19844,OCH,舒
377,庐江,19862,UJH,庐
378,柯坦,19880,KTH,柯
379,桐城,19907,TTH,桐
380,安庆西,19943,APH,安
381,天柱山,19945,QWH,安
382,太湖,19988,TKH,太
383,宿松,20015,OAH,宿
384,黄梅,20033,VEH,黄
385,西道口,20153,IUP,西
386,良乡,20255,LAP,良
387,琉璃河,20261,LLP,琉
388,涿州,20276,ZXP,涿
389,高碑店,20282,GBP,高
390,定兴,20291,DQP,定
391,徐水,20300,XSP,徐
392,保定,20306,BDP,保
393,于家庄,20327,YRP,于
394,完县,20330,WXP,完
395,望都,20333,WDP,望
396,清风店,20336,QFP,清
397,定州,20339,DXP,定
398,寨西店,20348,ZFP,寨
399,承安铺,20351,CAP,承
400,新乐,20354,ELP,新
401,新安村,20357,XCP,新
402,正定,20360,ZDP,正
403,石家庄,20372,SJP,石
404,获鹿所,20375,KLP,获
405,元氏,20471,YSP,元
406,高邑,20477,GIP,高
407,邢台,20495,XTP,邢
408,沙河市,20510,VOP,沙
409,邯郸,20519,HDP,邯
410,马头,20543,MTP,马
411,磁县,20555,CIP,磁
412,安阳,20564,AYF,安
413,汤阴,20588,TYF,汤
414,鹤壁,20594,HAF,鹤
415,卫辉,20606,WHF,卫
416,新乡,20612,XXF,新
417,焦作东,20642,WEF,焦
418,郑州,20750,ZZF,郑
419,新郑,20780,XNF,新
420,长葛,20786,CEF,长
421,许昌,20792,XCF,许
422,临颍,20807,LNF,临
423,孟庙,20813,MMN,孟
424,漯河,20816,LON,漯
425,西平,20843,XPN,西
426,遂平,20852,SON,遂
427,驻马店,20858,ZDN,驻
428,确山,20870,QSN,确
429,明港,20888,MGN,明
430,信阳,20903,XUN,信
431,广水,20948,GSN,广
432,花园,20981,HUN,广
433,孝感,20990,XGN,孝
434,武汉北,21012,WZN,武
435,滠口,21014,SKN,滠
436,丹水池,21026,DCN,丹
437,汉口,21050,HKN,汉
438,汉西,21059,HXN,汉
439,武昌,21077,WCN,武
440,余家湾,21086,YWN,余
441,武昌南,21089,WNN,武
442,北京西,21152,BXP,京
443,午汲,21344,WJP,午
444,林村,21410,LCP,林
445,康城,21416,KCP,康
446,武安,21419,WAP,武
447,磁山,21425,CSP,磁
448,磁西,21494,CRP,磁
449,徘徊北,21497,PHP,徘
450,新固镇,21500,XQP,新
451,什里店,21503,OMP,什
452,阳邑,21506,ARP,阳
453,豆庄,21509,ROP,豆
454,东戌,21512,RXP,东
455,偏店,21515,PRP,偏
456,井店,21518,JFP,井
457,涉县,21521,OEP,涉
458,弹音,21542,TEP,弹
459,悬钟,21545,XRP,悬
460,南峧,21551,NJP,南
461,东阳关,21557,RGP,东
462,黎城,21560,UCP,黎
463,水洋,21563,OYP,水
464,常村,21566,VCP,常
465,漫流河,21569,MIP,漫
466,微子镇,21575,WQP,微
467,潞城,21578,UTP,潞
468,北舍,21581,BNP,北
469,平顶山,21857,PEN,平
470,肖马杨所,21881,EEN,肖
471,何刘,21959,HIN,何
472,华容,21971,HRN,华
473,鄂州,21977,ECN,鄂
474,铁山,21986,TSN,铁
475,阳新,22043,YON,阳
476,西河村,22061,EHN,西
477,瑞昌,22088,RCG,瑞
478,九里垄,22100,VLG,九
479,黄石,22127,HSN,黄
480,周口,22367,ZKN,周
481,项城,22373,ERN,项
482,沈丘,22377,SQN,沈
483,界首市,22387,JUN,界
484,太和县,22391,JYN,太
485,杜家坎所,22501,DTP,杜
486,涿州东,22504,ZAP,涿
487,高碑店东,22507,GMP,高
488,徐水东,22510,EAP,徐
489,保定东,22513,BMP,保
490,定州东,22516,DOP,定
491,正定机场,22519,ZHP,正
492,高邑西,22522,GNP,高
493,邢台东,22525,EDP,邢
494,邯郸东,22528,HPP,邯
495,安阳东,22531,ADF,安
496,鹤壁东,22534,HFF,鹤
497,新乡东,22537,EGF,新
498,咸宁,22691,XNN,咸
499,赤壁,22717,CBN,赤
500,蒲圻,22718,PQN,蒲
501,临湘,22760,LXQ,临
502,路口铺,22766,LKQ,路
503,岳阳,22799,YYQ,岳
504,汨罗,22841,MLQ,汨
505,捞刀河,22868,LHQ,捞
506,长沙,22874,CSQ,长
507,株洲,23021,ZZQ,株
508,衡山,23078,HSQ,衡
509,茶山坳,23114,CCQ,茶
510,衡阳北,23117,HKQ,衡
511,衡阳,23165,HYQ,衡
512,太山所,23169,PBQ,太
513,耒阳,23210,LYQ,耒
514,马田墟,23231,MXQ,马
515,郴州,23249,CZQ,郴
516,坪石,23303,PSQ,坪
517,乐昌,23321,LCQ,乐
518,韶关东,23348,SGQ,韶
519,青溪,23396,QIW,青
520,英德,23408,YDQ,英
521,连江口,23417,LJQ,连
522,源潭,23441,YTQ,源
523,广州北,23471,GBQ,广
524,广州西,23543,GXQ,广
525,广州,23693,GZQ,广
526,广州东,23711,GGQ,广
527,石龙,23756,SLQ,石
528,东莞,23757,RTQ,东
529,常平,23768,DAQ,常
530,东莞东,23769,DMQ,东
531,樟木头,23774,ZOQ,樟
532,平湖,23789,PHQ,平
533,平湖南,23790,PNQ,平
534,深圳东,23795,BJQ,深
535,深圳,23819,SZQ,深
536,郁南,23901,YKQ,郁
537,南江口,23903,NDQ,南
538,云浮东,23905,IXQ,云
539,肇庆西,23907,ZKQ,肇
540,坂田,23945,BTQ,坂
541,西丽,23948,ELQ,西
542,深圳西,23951,OSQ,深
543,佛山,24035,FSQ,佛
544,三水,24062,SJQ,三
545,三水南,24065,RNQ,三
546,怀集,24068,FAQ,怀
547,广宁,24071,FBQ,广
548,肇庆东,24074,FCQ,肇
549,肇庆,24113,ZVQ,肇
550,车岗,24131,CGQ,车
551,新兴县,24134,XGQ,新
552,天堂,24143,TEQ,安
553,春湾,24146,CQQ,春
554,阳春,24158,YQQ,阳
555,沙琅,24179,OUQ,沙
556,电白,24185,DEQ,电
557,茂名东,24188,MDQ,茂
558,茂名,24197,MMZ,茂
559,化州,24227,HZZ,化
560,华城,24402,VCQ,华
561,兴宁,24408,ENQ,兴
562,畲江,24411,OCQ,畲
563,梅州,24417,MOQ,梅
564,丰顺,24440,FUQ,丰
565,揭阳,24447,JRQ,揭
566,潮州,24455,CKQ,潮
567,汕头,24467,OTQ,汕
568,固安,24718,GFP,固
569,牛驼,24719,NTA,牛
570,霸州,24725,RMP,霸
571,文安,24734,WBP,文
572,任丘,24736,RQP,任
573,河间西,24744,HXP,河
574,肃宁,24752,SYP,肃
575,饶阳,24761,RVP,饶
576,深州,24770,OZP,深
577,枣强,24788,ZVP,枣
578,大营镇,24789,DJP,大
579,南宫东,24790,NFP,南
580,清河城,24797,QYP,清
581,临西,24798,UEP,临
582,临清,24806,UQK,临
583,聊城东,24809,UDK,聊
584,梁堤头,24811,LFF,梁
585,聊城,24815,UCK,聊
586,阳谷,24824,YIK,阳
587,台前,24825,TTK,台
588,梁山,24833,LMK,梁
589,郓城,24842,YPK,郓
590,鄄城,24851,JCK,鄄
591,定陶,24863,DQK,定
592,曹县,24872,CXK,曹
593,商丘南,24890,SPF,商
594,王楼,24968,WSH,王
595,亳州,24986,BZH,亳
596,三堂集,25031,SDH,三
597,阜阳,25076,FYH,阜
598,阜南,25133,FNH,阜
599,淮滨,25142,HVN,淮
600,潢川,25169,KCN,潢
601,新县,25197,XSN,新
602,麻城,25232,MCN,麻
603,周铁岗,25234,ZZN,周
604,团风,25250,VFN,团
605,黄州,25259,VON,黄
606,浠水,25268,XZN,浠
607,横车,25269,VEN,横
608,蕲春,25277,QRN,蕲
609,栗木,25278,LMN,栗
610,武穴,25295,WXN,武
611,蔡山,25304,CON,蔡
612,孔垄,25313,KLG,孔
613,小池口,25314,EKG,小
614,九江,25322,JJG,九
615,庐山,25346,LSG,庐
616,马回岭,25361,MHG,马
617,德安,25367,DAG,德
618,共青城,25368,GAG,共
619,军山,25376,VSG,军
620,永修,25385,ACG,永
621,乐化,25397,LHG,乐
622,南昌北,25400,NBG,南
623,南昌西,25403,NXG,南
624,莲塘,25442,LTG,莲
625,向塘,25454,XTG,向
626,三江镇,25487,SJG,三
627,丰城南,25497,FNG,丰
628,樟树东,25498,ZOG,樟
629,新干,25532,EGG,新
630,峡江,25533,EJG,峡
631,吉水,25559,VUG,吉
632,吉安,25568,VAG,吉
633,井冈山,25572,JGG,井
634,泰和,25577,THG,泰
635,高兴镇,25604,GEG,高
636,兴国,25613,EUG,兴
637,南塘镇,25631,NTG,南
638,赣县,25640,GVG,赣
639,赣州东,25641,GDG,赣
640,南康,25670,NAG,南
641,信丰,25679,EFG,信
642,龙南,25706,UNG,龙
643,定南,25724,DNG,定
644,和平,25742,VAQ,和
645,龙川,25769,LUQ,龙
646,河源,25787,VIQ,河
647,惠州,25832,HCQ,惠
648,惠州西,25853,VXQ,惠
649,红安,25951,HWN,红
650,良村,26117,LNP,良
651,藁城,26129,GEP,藁
652,晋州,26135,JXP,晋
653,辛集,26144,ENP,辛
654,前磨头,26159,QMP,前
655,贡家台,26162,GJP,贡
656,衡水,26168,HSP,衡
657,清凉店,26180,QDP,清
658,龙华,26186,LHP,龙
659,王瞳,26192,WTP,王
660,石家庄北,26246,VVP,石
661,获鹿,26282,HLP,获
662,上安,26291,SAP,上
663,井陉,26297,JJP,井
664,南张村,26309,NZP,南
665,井南,26312,JNP,井
666,南峪,26315,NUP,南
667,娘子关,26318,NIP,娘
668,程家,26321,CUP,程
669,岩会,26327,AEP,岩
670,阳泉,26354,AQP,阳
671,阳泉北,26360,YPP,阳
672,赛鱼,26378,ORP,赛
673,寿阳,26393,SYV,寿
674,芦家庄,26402,LJV,芦
675,榆次,26420,YCV,榆
676,鸣李,26441,MLV,鸣
677,北营,26444,BIV,北
678,太原,26447,TYV,太
679,太原东,26456,TDV,太
680,太原北,26465,TBV,太
681,太原南,26468,TNV,太
682,邯郸南,26759,HAP,邯
683,平旺,27332,PWV,平
684,韩家岭,27341,HAV,韩
685,怀仁,27353,HRV,怀
686,金沙滩,27359,JTV,金
687,岱岳,27365,RYV,岱
688,神头,27377,SEV,神
689,朔州,27389,SUV,朔
690,阳方口,27416,YFV,阳
691,宁武,27419,NWV,宁
692,轩岗,27434,XGV,轩
693,播明,27473,BMV,播
694,忻州,27476,XXV,忻
695,豆罗,27482,DLV,豆
696,平社,27488,PSV,平
697,北白,27494,BBV,北
698,高村,27497,GCV,高
699,阳曲,27503,YQV,阳
700,修文,27989,XUV,修
701,太谷,28004,TGV,太
702,祁县,28010,QXV,祁
703,平遥,28016,PYV,平
704,张兰,28019,ZLV,张
705,介休,28025,JXV,介
706,灵石,28052,LSV,灵
707,霍州,28073,HZV,霍
708,赵城,28085,ZCV,赵
709,洪洞,28091,HDV,洪
710,临汾,28100,LFV,临
711,襄汾,28124,XFV,襄
712,侯马,28142,HMV,侯
713,东镇,28157,DNV,东
714,闻喜,28160,WXV,闻
715,运城,28175,YNV,运
716,永济,28208,YIV,永
717,风陵渡,28220,FLV,风
718,榆社,28280,YSV,榆
719,武乡,28298,WVV,武
720,沁县,28307,QVV,沁
721,夏店,28322,EDF,夏
722,襄垣,28325,EIF,襄
723,长治北,28337,CBF,长
724,大辛庄,28358,DXF,大
725,长治,28361,CZF,长
726,小宋,28364,XOF,小
727,长子,28367,ECF,长
728,东田良,28370,DTF,东
729,赵庄,28373,ZUF,赵
730,西阳村,28376,XQF,西
731,高平,28379,GPF,高
732,南陈铺,28388,NCF,南
733,北板桥,28391,BBF,北
734,东元庆,28394,DUF,东
735,晋城北,28397,JEF,晋
736,晋城,28418,JCF,晋
737,西武匠,28421,XMF,西
738,东坡,28424,DPF,东
739,孔庄,28427,KZF,孔
740,后寨,28430,HOF,后
741,月山,28442,YBF,月
742,嘉峰,28751,JFF,嘉
743,阳城,28760,YNF,阳
744,磨滩,28765,MTF,磨
745,盘古寺,28769,PGF,盘
746,西贺村,28823,XHV,西
747,新绛,28826,XJV,新
748,稷山,28832,JVV,稷
749,河津,28841,HJV,河
750,禹门口,28847,YKV,禹
751,韩城,28856,HCY,韩
752,合阳,28898,HAY,合
753,韦庄,28907,WZY,韦
754,大荔北,28913,DOY,大
755,钟家村,28928,ZJY,钟
756,张桥,28931,ZQY,张
757,新墩,29318,XEN,新
758,下辛店,29339,XDN,下
759,隔蒲,29348,GPN,隔
760,云梦,29351,YMN,云
761,安陆,29360,ALN,安
762,随州,29381,SZN,随
763,厉山,29405,LSN,厉
764,小林,29406,EIN,小
765,枣阳,29423,ZYN,枣
766,襄阳东,29444,XWN,襄
767,襄阳,29450,XFN,襄
768,襄阳北,29459,XBN,襄
769,马棚,29546,MVN,马
770,陈家湖,29561,CJN,陈
771,老河口东,29567,LDN,老
772,谷城,29681,GCN,谷
773,浪河,29693,LHN,浪
774,武当山,29699,WRN,武
775,十堰,29726,SNN,十
776,花果,29735,HGN,花
777,小花果,29741,XHN,小
778,胡家营,29750,HBN,胡
779,白河东,29751,BIY,白
780,白河县,29753,BEY,白
781,蜀河,29765,SHY,蜀
782,棕溪,29768,ZOY,棕
783,旬阳,29783,XUY,旬
784,吕河,29786,LUY,吕
785,早阳,29789,ZAY,早
786,安康,29843,AKY,安
787,石庙沟,29855,SGY,石
788,大竹园,29870,DZY,大
789,紫阳,29879,ZVY,紫
790,向阳镇,29882,XNY,向
791,高滩,29891,GAY,高
792,毛坝关,29897,MGY,毛
793,麻柳,29900,MLY,麻
794,巴山,29906,BAY,巴
795,万源,29912,WYY,万
796,青花,29921,QIY,青
797,花楼坝,29930,HFY,广
798,毛坝,29939,MBY,毛
799,宣汉,29942,XHY,宣
800,石柱槽,29945,SCY,石
801,蒲家,29948,PUY,蒲
802,双龙,29951,SLY,双
803,达州,29957,RXW,达
804,土溪,29958,TSW,土
805,营山,29961,NUW,营
806,蓬安,29962,PAW,蓬
807,南充东,29964,NTW,南
808,南充,29965,NCW,南
809,蓬溪,29968,KZW,蓬
810,遂宁,29969,NIW,遂
811,梓潼,29972,ZTW,梓
812,金堂,29976,JDW,金
813,覃家坝,29981,QTW,覃
814,渡市,29984,RUW,渡
815,三汇镇,29987,OZW,三
816,临巴溪,29993,UVW,临
817,渠县,29996,QRW,渠
818,广安,30008,VJW,广
819,华蓥,30032,HUW,天
820,高兴,30035,VWW,高
821,三汇坝,30044,OUW,三
822,磨心坡,30053,VNW,磨
823,北碚,30056,BPW,北
824,团结村,30062,TQW,团
825,开江,30152,KAW,开
826,梁平,30153,UQW,梁
827,万州,30156,WYW,万
828,五桥,30170,WPW,五
829,鱼背山,30173,YMW,鱼
830,齐岳山,30179,QMW,齐
831,凉雾,30182,LOW,凉
832,石柱县,30188,OSW,石
833,丰都,30190,FUW,丰
834,涪陵北,30192,FEW,涪
835,长寿北,30194,COW,长
836,复盛,30196,FAW,复
837,双溪,30198,OOW,双
838,南京西,30248,NIH,宁
839,镇江,30407,ZJH,镇
840,丹阳,30428,DYH,丹
841,常州,30452,CZH,常
842,戚墅堰,30479,QYH,戚
843,无锡,30497,WXH,无
844,苏州,30530,SZH,苏
845,昆山,30548,KSH,昆
846,黄渡,30566,HDH,黄
847,上海西,30662,SXH,沪
848,上海,30671,SHH,沪
849,中华门,30743,VNH,中
850,马鞍山,30779,MAH,马
851,芜湖,30926,WHH,芜
852,狮子山,30980,OZH,狮
853,铜陵,30985,TJH,铜
854,池州,31015,IYH,池
855,东至,31021,DCH,东
856,彭泽,31026,PZG,彭
857,湖口,31028,HKG,湖
858,宣城,31319,ECH,宣
859,宁国,31337,NNH,宁
860,绩溪县,31373,JRH,绩
861,歙县,31400,OVH,歙
862,黄山,31409,HKH,黄
863,祁门,31433,QIH,祁
864,峙滩,31454,SSG,峙
865,福港,31460,FGG,福
866,浮梁,31466,FEG,浮
867,景德镇,31469,JCG,景
868,鲇鱼山,31493,NYG,鲇
869,塔前,31502,TQG,塔
870,乐平市,31505,LPG,乐
871,甘棠,31529,GTG,甘
872,万年,31535,WWG,万
873,画桥,31544,HVG,画
874,硬石岭,31547,YRG,硬
875,江宁,31703,JJH,江
876,句容西,31706,JWH,句
877,溧水,31709,LDH,溧
878,瓦屋山,31712,WAH,瓦
879,溧阳,31715,LEH,溧
880,宜兴,31718,YUH,宜
881,长兴,31721,CBH,长
882,德清,31724,DRH,德
883,杭州东所,31727,CVH,杭
884,广德,31787,GRH,广
885,长兴南,31841,CFH,长
886,湖州,31854,VZH,湖
887,德清西,31865,MOH,德
888,余杭,32004,EVH,余
889,海宁西,32007,EUH,海
890,桐乡,32010,TCH,桐
891,嘉兴南,32013,EPH,嘉
892,嘉善南,32016,EAH,嘉
893,金山北,32019,EGH,金
894,松江南,32022,IMH,松
895,封浜,32045,FBA,封
896,七宝,32075,QPH,七
897,春申,32081,CWH,春
898,新桥,32084,XQH,新
899,松江,32090,SAH,松
900,枫泾,32120,FJH,枫
901,嘉善,32126,JSH,嘉
902,嘉兴,32138,JXH,嘉
903,海宁,32159,HNH,海
904,长安镇,32174,CAH,长
905,笕桥,32198,JIH,笕
906,杭州,32252,HZH,杭
907,上海南,32270,SNH,上
908,杭州南,32460,XHH,杭
909,白鹿塘,32471,BLH,白
910,诸暨,32501,ZDH,诸
911,浦江,32522,PVH,浦
912,义乌,32537,YWH,义
913,金华,32587,JBH,金
914,龙游,32606,LMH,龙
915,衢州,32621,QEH,衢
916,江山,32645,JUH,江
917,新塘边,32654,XTH,新
918,玉山,32666,YNG,玉
919,上饶,32687,SRG,上
920,横峰,32726,HFG,横
921,弋阳,32732,YIG,弋
922,贵溪,32753,GXG,贵
923,鹰潭,32780,YTG,鹰
924,余江,32837,YHG,余
925,东乡,32846,DXG,东
926,进贤,32864,JUG,进
927,温家圳,32870,WJG,温
928,梁家渡,32879,LDG,梁
929,向塘西,32882,XXG,向
930,江家,32930,JAG,江
931,潭岗,32939,TGG,潭
932,丰城,32948,FCG,丰
933,樟树,32960,ZSG,樟
934,张家山,32969,ZJG,张
935,黄土岗,32984,HGG,黄
936,罗坊,32990,LFG,罗
937,新余,32996,XUG,新
938,河下,33017,HXG,河
939,分宜,33023,FYG,分
940,彬江,33044,BJG,彬
941,宜春西,33053,YCG,宜
942,西村,33065,XCG,西
943,芦溪,33077,LUG,芦
944,泉江,33083,QJG,泉
945,白源,33086,BYG,白
946,萍乡,33089,PXG,萍
947,姚家洲,33110,YZG,姚
948,醴陵,33122,LLG,醴
949,绍兴,33185,SOH,绍
950,绍兴北,33187,SLH,绍
951,上虞北,33189,SSH,上
952,余姚北,33191,CTH,余
953,上虞,33218,BDH,上
954,余姚,33230,YYH,余
955,庄桥,33251,ZQH,庄
956,宁波,33284,NGH,宁
957,兰溪,33323,LWH,兰
958,永昌,33329,YDH,永
959,新安江,33344,XGH,新
960,千岛湖,33356,QHH,千
961,抚州,33400,FZG,抚
962,腾桥,33402,TAG,腾
963,南城,33404,NDG,南
964,南丰,33406,NFG,南
965,建宁县北,33410,JCS,建
966,泰宁,33412,TNS,泰
967,将乐,33414,JLS,将
968,夏茂,33416,XFS,夏
969,三明北,33418,SHS,三
970,尤溪,33420,YXS,尤
971,中仙,33422,ZBS,中
972,长庆,33424,CQS,长
973,永泰,33426,YTS,永
974,大岗,33434,DGG,大
975,抚州北,33443,FBG,抚
976,临川,33446,LCG,临
977,左港,33455,ZGG,左
978,崇仁,33458,CRG,崇
979,罗陂岗,33461,LNG,罗
980,吕坊,33464,LIG,吕
981,江边村,33467,JBG,江
982,攸县,33716,YOG,攸
983,茶陵西,33722,PQG,茶
984,茶陵,33728,CDG,茶
985,永平,33803,YVG,永
986,涵江北,34162,HCS,涵
987,莆田,34163,PTS,莆
988,余家,34220,YJS,余
989,资溪,34241,ZXS,资
990,光泽,34262,GZS,光
991,邵武,34274,SWS,邵
992,顺昌,34322,SCS,顺
993,来舟,34340,LZS,来
994,外洋,34388,WYS,外
995,青州,34391,QZS,青
996,沙县,34406,SAS,沙
997,三明,34415,SMS,三
998,永安,34436,YAS,永
999,麦园,34481,MYS,麦
1000,漳平,34499,ZPS,漳
1001,梅水坑,34523,MSS,梅
1002,华安,34535,HAS,华
1003,漳州东,34553,GOS,漳
1004,角美,34562,JES,角
1005,前场,34565,QCS,前
1006,杏林,34568,XLS,杏
1007,厦门高崎,34574,XBS,厦
1008,厦门,34583,XMS,厦
1009,南平,34619,NPS,南
1010,南平南,34628,NNS,南
1011,古田,34652,GTS,古
1012,闽清,34667,MQS,闽
1013,杜坞,34679,DWS,杜
1014,福州,34682,FZS,福
1015,苏坂,34823,SBS,苏
1016,坂尾,34826,BWS,坂
1017,雁石,34829,YSS,雁
1018,苹林,34832,PLS,苹
1019,龙岩,34838,LYS,龙
1020,大深,34904,DSS,大
1021,格口,34907,GKS,格
1022,小舟,34910,XRS,小
1023,福德,34913,FOS,福
1024,感德,34916,GRS,感
1025,长基,34939,CJS,长
1026,湖头,34943,HTS,湖
1027,金谷,34952,JGS,金
1028,安溪,34961,AXS,安
1029,南安,34979,NAS,南
1030,泉州东,35006,QRS,泉
1031,于都,35104,YDG,于
1032,西江,35108,XEG,西
1033,瑞金,35112,RJG,瑞
1034,长汀,35116,CES,长
1035,冠豸山,35122,GSS,冠
1036,上杭,35128,JBS,上
1037,重庆北,35143,CUW,重
1038,唐家沱,35146,KOW,唐
1039,鱼嘴,35148,AUW,鱼
1040,庙坝,35150,MGW,庙
1041,太洪,35152,TYW,太
1042,长寿,35154,EFW,长
1043,王家坝,35156,WDW,王
1044,石沱,35158,OWW,石
1045,蔺市,35160,LWW,蔺
1046,涪陵,35164,FLW,涪
1047,磨溪,35166,JIW,磨
1048,白涛,35168,BNW,白
1049,白沙沱,35170,BXW,白
1050,白马,35172,KMW,白
1051,土坎,35174,TWW,土
1052,武隆,35176,WLW,武
1053,中嘴,35178,EUW,中
1054,高谷,35182,FGW,高
1055,彭水,35184,PHW,彭
1056,保家楼,35186,BJW,保
1057,郁山,35188,KSW,郁
1058,干溪沟,35190,KXW,干
1059,石子坝,35192,SXW,石
1060,核桃园,35194,KHW,核
1061,黔江,35196,QNW,黔
1062,甘家坝,35200,RAW,甘
1063,鱼泉,35202,AYW,鱼
1064,长潭沟,35204,FCW,长
1065,泔溪,35206,VDW,泔
1066,麻旺,35208,NOW,麻
1067,酉阳,35209,AFW,酉
1068,龙池,35212,UPW,龙
1069,秀山,35214,ETW,秀
1070,梅江,35216,MKQ,梅
1071,桃映,35224,TKQ,桃
1072,松桃,35225,MZQ,松
1073,铜仁,35228,RDQ,铜
1074,锦和,35236,JHQ,锦
1075,珠玑巷,35245,ZDQ,珠
1076,南雄,35247,NCQ,南
1077,始兴,35253,IPQ,始
1078,丹霞山,35257,IRQ,丹
1079,大余,35273,DYG,大
1080,湘潭,35312,XTQ,湘
1081,向韶,35336,XVQ,向
1082,湘乡,35342,XXQ,湘
1083,娄底,35369,LDQ,娄
1084,涟源,35402,LAQ,涟
1085,冷水江东,35414,UDQ,冷
1086,新化,35426,EHQ,新
1087,安化,35447,PKQ,安
1088,低庄,35468,DVQ,低
1089,溆浦,35495,EPQ,溆
1090,辰溪,35507,CXQ,辰
1091,泸阳,35522,UYQ,泸
1092,怀化,35534,HHQ,怀
1093,新晃,35576,XLQ,新
1094,玉屏,35585,YZW,玉
1095,龙市,35589,LAG,龙
1096,炎陵,35591,YAG,炎
1097,茶陵南,35594,CNG,茶
1098,攸县南,35595,YXG,攸
1099,安仁,35596,ARG,安
1100,颜家垄,35598,YJQ,颜
1101,衡南,35599,HNG,衡
1102,羊坪,35609,APW,羊
1103,蕉溪,35618,JXW,蕉
1104,老王洞,35621,UEW,老
1105,镇远,35624,ZUW,镇
1106,水花,35633,SGW,水
1107,施秉,35639,AQW,施
1108,黄平,35642,VFW,黄
1109,宝老山,35645,BRW,宝
1110,加劳,35651,JAW,加
1111,桐木寨,35654,TMW,桐
1112,凯里,35657,KLW,凯
1113,六个鸡,35684,UOW,六
1114,麻江,35690,BBW,麻
1115,福泉,35696,VMW,福
1116,黄丝,35702,HRW,黄
1117,东安东,35804,DCZ,东
1118,全州南,35807,QNZ,全
1119,兴安北,35810,XDZ,兴
1120,贺州,35848,HXZ,贺
1121,钟山西,35901,ZAZ,钟
1122,恭城,35903,GCZ,恭
1123,阳朔,35905,YCZ,阳
1124,定江所,35907,RJZ,定
1125,桂林西,35909,GEZ,桂
1126,五通,35911,WTZ,五
1127,三江南,35913,SWZ,三
1128,祁东北,36002,QRQ,祁
1129,祁东,36004,QMQ,祁
1130,新桥铺,36011,XQQ,新
1131,祁阳北,36026,QVQ,祁
1132,祁阳,36027,QWQ,祁
1133,永州,36047,AOQ,永
1134,蓝家村,36071,LCZ,蓝
1135,井头墟,36074,JXZ,井
1136,东安,36077,DAZ,东
1137,紫溪,36080,ZXZ,紫
1138,庙头,36086,MTZ,庙
1139,黄沙河,36089,HHZ,黄
1140,全州,36101,QZZ,全
1141,绍水,36116,SSZ,绍
1142,百里村,36125,BCZ,百
1143,兴安,36131,XAZ,兴
1144,严关乡,36134,YXZ,严
1145,大溶江,36140,DRZ,大
1146,灵川,36149,LUZ,灵
1147,桂林北,36152,GBZ,桂
1148,桂林,36173,GLZ,桂
1149,鹿寨北,36176,LSZ,鹿
1150,永福南,36179,YBZ,永
1151,二塘,36182,RTZ,二
1152,永福,36194,YFZ,永
1153,鹿寨,36224,LIZ,鹿
1154,柳州,36257,LZZ,柳
1155,柳州南,36266,LNZ,柳
1156,芦村,36401,UCZ,芦
1157,和吉镇所,36272,HBZ,和
1158,宾阳,36275,UKZ,宾
1159,凌村所,36278,UMZ,凌
1160,桂平,36281,GAZ,桂
1161,平南南,36284,PAZ,平
1162,藤县,36287,TAZ,藤
1163,梧州南,36290,WBZ,梧
1164,岳池,36319,AWW,岳
1165,凤凰,36335,FHZ,凤
1166,来宾,36344,UBZ,来
1167,黎塘,36374,LTZ,黎
1168,芦村,36401,UCZ,芦
1169,伶俐,36407,LLZ,伶
1170,长塘,36410,CTZ,长
1171,长岗岭,36425,CIZ,长
1172,南宁,36428,NNZ,南
1173,南宁南,36449,NUZ,南
1174,南宁东,36452,NFZ,南
1175,金鸡村,36500,JCZ,金
1176,江西村,36503,JAZ,江
1177,扶绥,36518,FSZ,扶
1178,渠黎,36521,QLZ,渠
1179,渠旧,36530,QJZ,渠
1180,濑湍,36533,LVZ,濑
1181,崇左,36536,CZZ,崇
1182,天西,36548,TXZ,安
1183,亭亮,36551,TIZ,亭
1184,龙伯屯,36554,LOZ,龙
1185,宁明,36557,NMZ,宁
1186,夏石,36563,XIZ,夏
1187,凭祥,36572,PXZ,凭
1188,贵港,37115,GGZ,贵
1189,桥墟,37127,QXZ,桥
1190,兴业,37139,SNZ,兴
1191,玉林,37148,YLZ,玉
1192,陆川,37175,LKZ,陆
1193,文地,37187,WNZ,文
1194,河唇,37199,HCZ,河
1195,廉江,37211,LJZ,廉
1196,遂溪,37220,SXZ,遂
1197,塘口,37223,TKZ,塘
1198,湛江北,37232,ZBZ,湛
1199,湛江,37235,ZJZ,湛
1200,太阳村,37313,TYZ,太
1201,洛满,37316,LMZ,洛
1202,柳城,37329,UHZ,柳
1203,洛东,37340,LYZ,洛
1204,宜州,37349,YSZ,宜
1205,叶茂,37358,YMZ,叶
1206,德胜,37367,DEZ,德
1207,金城江,37376,JJZ,金
1208,南丹,37436,NDZ,南
1209,泗亭,37451,STZ,泗
1210,麻尾,37457,VAW,麻
1211,朱石寨,37466,ZVW,朱
1212,星朗,37469,ELW,星
1213,峰洞,37472,FDW,峰
1214,打羊,37478,RNW,打
1215,学庄,37481,EZW,学
1216,独山,37487,RWW,独
1217,墨冲,37505,VCW,墨
1218,河阳,37507,IOW,河
1219,都匀,37514,RYW,都
1220,贵定南,37522,IDW,贵
1221,贵定,37565,GTW,贵
1222,高坪铺,37571,GPW,高
1223,龙里,37580,LLW,龙
1224,老罗堡,37589,FKW,老
1225,贵阳,37646,GIW,贵
1226,石板哨,37682,SRW,石
1227,曲阜,38024,QFK,曲
1228,泗水,38039,OSK,泗
1229,平邑,38054,PIK,平
1230,费县,38075,FXK,费
1231,临沂,38090,LVK,临
1232,莒南,38111,JOK,莒
1233,日照,38144,RZK,日
1234,济宁,38231,JIK,济
1235,嘉祥,38252,JUK,嘉
1236,巨野,38261,JYK,巨
1237,菏泽,38282,HIK,菏
1238,菏泽南,38288,HOK,菏
1239,算王庄,38309,SVF,算
1240,东明县,38315,DNF,东
1241,文庄村,38324,WOF,文
1242,长垣,38330,CYF,长
1243,滑县南,38342,HXF,滑
1244,封丘,38345,FQF,封
1245,延津,38348,YOF,延
1246,获嘉,38381,HJF,获
1247,狮子营,38384,SZF,狮
1248,修武,38387,XWF,修
1249,待王,38396,DWF,待
1250,焦作,38402,JOF,焦
1251,连云港东,38480,UKH,连
1252,连云港,38531,UIH,连
1253,东海县,38546,DQH,东
1254,石湖村,38549,SIH,石
1255,新沂,38561,VIH,新
1256,邳州,38579,PJH,邳
1257,大湖,38612,DPH,大
1258,夹河寨,38639,IZH,夹
1259,黄口,38663,KOH,黄
1260,砀山,38675,DKH,砀
1261,夏邑县,38687,EJH,夏
1262,虞城县,38693,IXH,虞
1263,商丘,38702,SQF,商
1264,宁陵县,38732,NLF,宁
1265,民权,38738,MQF,民
1266,兰考,38750,LKF,兰
1267,开封,38774,KFF,开
1268,中牟,38792,ZGF,中
1269,圃田西,38810,ZDF,圃
1270,铜山,38834,TRH,铜
1271,灵宝西,39044,LPF,灵
1272,三门峡南,39047,SCF,三
1273,渑池南,39050,MNF,渑
1274,洛阳龙门,39053,LLF,洛
1275,巩义南,39056,GYF,巩
1276,郑州西,39059,XPF,郑
1277,中原,39062,ZXF,中
1278,上街,39086,SJF,上
1279,巩义,39101,GXF,巩
1280,偃师,39110,YSF,偃
1281,洛阳东,39125,LDF,洛
1282,洛阳,39173,LYF,洛
1283,新安县,39197,XAF,新
1284,义马,39209,YMF,义
1285,渑池,39221,MCF,渑
1286,三门峡,39254,SMF,三
1287,三门峡西,39269,SXF,三
1288,灵宝,39302,LBF,灵
1289,太要,39329,TEF,太
1290,潼关,39332,TGY,潼
1291,华山,39338,HSY,华
1292,渭南,39389,WNY,渭
1293,新丰镇,39404,XFY,新
1294,临潼,39413,LIY,临
1295,窑村,39419,YCY,窑
1296,西安东,39425,XDY,西
1297,西安,39473,XAY,西
1298,咸阳,39500,XYY,咸
1299,兴平,39521,XPY,兴
1300,武功,39530,WGY,武
1301,杨陵,39542,YSY,杨
1302,蔡家坡,39557,CJY,蔡
1303,虢镇,39572,GZY,虢
1304,卧龙寺,39575,WLY,卧
1305,宝鸡,39629,BJY,宝
1306,福临堡,39638,FLY,福
1307,元龙,39689,YLY,元
1308,天水,39701,TSJ,安
1309,南河川,39728,NHJ,南
1310,三阳川,39731,SYJ,三
1311,渭南镇,39734,WNJ,渭
1312,新阳镇,39737,XZJ,新
1313,甘谷,39746,GGJ,甘
1314,磐安镇,39752,PAJ,磐
1315,洛门,39755,LMJ,洛
1316,武山,39758,WSJ,武
1317,贺家店,39761,HJJ,贺
1318,鸳鸯镇,39764,YYJ,鸳
1319,陇西,39773,LXJ,陇
1320,云田乡,39797,YTJ,云
1321,通安驿,39806,TAJ,通
1322,定西,39821,DSJ,定
1323,李家坪,39833,LIJ,李
1324,甘草店,39842,GDJ,甘
1325,王家湾,39845,WJJ,王
1326,许家台,39848,XTJ,许
1327,夏官营,39851,XGJ,夏
1328,骆驼巷,39857,LTJ,骆
1329,桑园子,39860,SAJ,桑
1330,兰州,39872,LZJ,兰
1331,阎良,40019,YNY,阎
1332,何寨,40205,HRY,何
1333,蒲城东,40486,PEY,蒲
1334,西社,40487,XTY,西
1335,洛川东,40490,LRY,洛
1336,富县东,40491,FDY,富
1337,甘泉北,40492,GEY,甘
1338,延安,40493,YWY,延
1339,子长,40504,ZHY,子
1340,清涧县,40505,QNY,清
1341,绥德,40508,ODY,绥
1342,米脂,40509,MEY,米
1343,榆林,40512,ALY,榆
1344,大保当,40515,DDY,大
1345,神木西,40530,OUY,神
1346,西安南,40855,CAY,西
1347,营镇,40916,YTY,营
1348,柞水,40934,ZSY,柞
1349,镇安,40961,ZEY,镇
1350,小河镇,40997,EKY,小
1351,渭南南,41009,WVY,渭
1352,砚川,41016,YYY,砚
1353,旬阳北,41017,XBY,旬
1354,商洛,41019,OLY,商
1355,丹凤,41023,DGY,丹
1356,商南,41029,ONY,商
1357,西峡,41036,XIF,西
1358,内乡,41040,NXF,内
1359,镇平,41045,ZPF,镇
1360,南阳西,41047,NVF,南
1361,南阳东,41048,NDF,南
1362,唐河,41052,THF,唐
1363,桐柏,41059,TBF,桐
1364,罗山,41070,LRN,罗
1365,息县,41073,ENN,息
1366,叶集,41081,YCH,叶
1367,分路口,41085,FKH,分
1368,六安,41087,UAH,六
1369,长安集,41093,CYH,长
1370,商城,41095,SWN,商
1371,固始,41096,GXN,固
1372,千河,41099,QUY,千
1373,凤翔,41108,FOY,凤
1374,冯家山,41117,FJY,冯
1375,千阳,41126,QOY,千
1376,水沟,41135,SEY,水
1377,娘娘庙,41144,NNY,娘
1378,陇县,41153,LXY,陇
1379,史家铺,41162,SPY,史
1380,火烧寨,41171,HVY,火
1381,神峪河,41180,SRY,神
1382,安口窑,41198,AYY,安
1383,崇信,41207,CIJ,崇
1384,庙庄,41216,MZJ,庙
1385,平凉南,41234,POJ,平
1386,平凉,41243,PIJ,平
1387,新李,41252,XLJ,新
1388,三关口,41270,OKJ,三
1389,六盘山,41279,UPJ,六
1390,彭阳,41288,PYJ,彭
1391,固原,41306,GUJ,固
1392,沈家河,41315,OJJ,沈
1393,二营,41324,RYJ,二
1394,三营,41333,OEJ,三
1395,褚家湾,41342,CWJ,褚
1396,七营,41351,QYJ,七
1397,韩府湾,41352,HXJ,韩
1398,李旺,41360,VLJ,李
1399,土桥子,41369,TQJ,土
1400,王团庄,41378,WZJ,王
1401,同心,41387,TXJ,同
1402,石坝,41396,OBJ,石
1403,艾家村,41397,AJJ,艾
1404,长农,41405,CNJ,长
1405,中宁南,41414,ZNJ,中
1406,大战场,41423,DTJ,大
1407,宣和,41432,XWJ,宣
1408,兰州西,41492,LAJ,兰
1409,石板墩南,41494,SQR,石
1410,柳沟南,41496,LFJ,柳
1411,清泉南,41498,QNJ,清
1412,嘉峪关南,41501,JBJ,嘉
1413,酒泉南,41503,JNJ,酒
1414,清水北,41505,QEJ,清
1415,高台南,41507,GAJ,高
1416,临泽南,41509,LDJ,临
1417,张掖西,41511,ZEJ,张
1418,民乐,41513,MBJ,民
1419,军马场,41515,JEJ,军
1420,浩门,41516,HMO,浩
1421,门源,41517,MYO,门
1422,大通西,41519,DTO,大
1423,海东西,41521,HDO,海
1424,乐都南,41523,LVO,乐
1425,民和南,41525,MNO,民
1426,陈家湾西,41527,CJJ,陈
1427,陈官营,41543,CAJ,陈
1428,西固城,41546,XUJ,西
1429,坡底下,41555,PXJ,坡
1430,河口南,41558,HKJ,河
1431,龙泉寺,41579,UQJ,龙
1432,永登,41591,YDJ,永
1433,天祝,41606,TZJ,天
1434,打柴沟,41615,DGJ,打
1435,龙沟,41657,LGJ,龙
1436,古浪,41666,GLJ,古
1437,黄羊镇,41675,HYJ,黄
1438,武威南,41690,WWJ,武
1439,武威,41741,WUJ,武
1440,金昌,41780,JCJ,金
1441,玉石,41807,YSJ,玉
1442,芨岭,41813,JLJ,芨
1443,山丹,41840,SDJ,山
1444,张掖,41858,ZYJ,张
1445,平原堡,41885,PPJ,平
1446,临泽,41891,LEJ,临
1447,高台,41900,GTJ,高
1448,许三湾,41909,XSJ,许
1449,清水,41921,QUJ,清
1450,酒泉,41951,JQJ,酒
1451,嘉峪关,41957,JGJ,嘉
1452,低窝铺,42029,DWJ,低
1453,玉门,42035,YXJ,玉
1454,疏勒河,42044,SHJ,疏
1455,桥湾,42068,QVJ,桥
1456,柳沟,42074,LUJ,柳
1457,安北,42080,ABR,安
1458,柳园,42098,DHR,柳
1459,红柳河,42140,HHR,红
1460,山口,42164,SKR,山
1461,哈密,42188,HMR,哈
1462,哈密南,42191,HLR,哈
1463,哈密东,42194,HGR,哈
1464,火石泉,42209,HQR,火
1465,柳树泉,42224,LSR,柳
1466,了墩,42236,LDR,了
1467,十三间房,42266,SFR,十
1468,鄯善,42293,SSR,鄯
1469,七泉湖,42329,QHR,七
1470,吐鲁番,42341,TFR,吐
1471,达板城,42374,DCR,达
1472,乌鲁木齐南,42416,WMR,乌
1473,乌西,42428,WXR,乌
1474,玛纳斯,42500,MSR,玛
1475,石河子,42503,SZR,石
1476,沙湾县,42509,SXR,沙
1477,奎屯,42518,KTR,奎
1478,精河,42575,JHR,精
1479,博乐,42587,BOR,博
1480,阿拉山口,42593,AKR,阿
1481,吐鲁番北,42803,TAR,吐
1482,鄯善北,42805,SMR,鄯
1483,吐哈,42807,THR,吐
1484,柳园南,42809,LNR,柳
1485,鱼儿沟,42884,YGR,鱼
1486,焉耆,42977,YSR,焉
1487,库尔勒,42992,KLR,库
1488,轮台,43009,LAR,轮
1489,库车,43013,KCR,库
1490,新和,43014,XIR,新
1491,阿克苏,43021,ASR,阿
1492,金银川,43023,JCR,金
1493,柯坪,43024,KPR,柯
1494,巴楚,43026,BCR,巴
1495,阿图什,43030,ATR,阿
1496,喀什,43031,KSR,喀
1497,马兰,43097,MLR,马
1498,和硕,43099,VUR,和
1499,八盘峡,43415,BPJ,八
1500,张家祠,43427,ZCJ,张
1501,花庄,43433,HZJ,花
1502,水车湾,43442,SWJ,水
1503,海石湾,43445,HSO,海
1504,乐都,43478,LDO,乐
1505,平安驿,43490,PNO,平
1506,西宁,43502,XNO,西
1507,西宁西,43566,XXO,西
1508,湟源,43574,HNO,湟
1509,海晏,43586,HFO,海
1510,哈尔盖,43622,HRJ,哈
1511,刚察,43655,GCO,刚
1512,天峻,43679,TIO,天
1513,乌兰,43703,WIO,乌
1514,柯柯,43709,KKO,柯
1515,德令哈,43739,DHO,德
1516,饮马峡,43766,YRO,饮
1517,锡铁山,43769,XRO,锡
1518,察尔汗,43778,CRO,察
1519,拉萨,43783,LSO,拉
1520,格尔木,43787,GRO,格
1521,协荣,43916,ROO,协
1522,曲水县,43918,QSO,曲
1523,尼木,43922,NMO,尼
1524,仁布,43926,RUO,仁
1525,日喀则,43936,RKO,日
1526,沱沱河,43996,THO,沱
1527,安多,44032,ADO,安
1528,那曲,44047,NQO,那
1529,当雄,44062,DAO,当
1530,沁阳,44099,QYF,沁
1531,捏掌,44105,NZF,捏
1532,沁河北,44108,QBF,沁
1533,莲东,44111,LGF,莲
1534,济源,44114,JYF,济
1535,轵城,44117,ZCF,轵
1536,留庄,44129,UZF,留
1537,王庄,44135,WZF,王
1538,白合,44138,BHF,白
1539,孟津,44141,MJF,孟
1540,关林,44159,GLF,关
1541,伊川,44195,YCF,伊
1542,汝阳,44204,RYF,汝
1543,临汝镇,44207,LWF,临
1544,庙下,44210,MBF,庙
1545,汝州,44216,ROF,汝
1546,小屯街,44222,XTF,小
1547,商酒务,44225,SWF,商
1548,平顶山西,44231,BFF,平
1549,鲁山,44255,LAF,鲁
1550,瀼河,44258,REF,瀼
1551,草店,44261,CDF,草
1552,北召店,44270,BZF,北
1553,南召,44273,NAF,南
1554,董庄,44279,DFF,董
1555,蒲山店,44288,PSF,蒲
1556,南阳,44294,NFF,南
1557,韩堂,44306,HDF,韩
1558,穰东,44309,RDF,穰
1559,夏集,44315,XGF,夏
1560,邓州,44321,DOF,邓
1561,构林,44330,GOF,构
1562,耿坡,44336,GEF,耿
1563,郜营,44342,GYN,郜
1564,宜城,44468,YIN,宜
1565,荆门,44492,JMN,荆
1566,当阳,44528,DYN,当
1567,鸦雀岭,44540,YLN,鸦
1568,枝城,44576,ZCN,枝
1569,松滋,44580,SIN,松
1570,西斋,44591,XVN,西
1571,澧县,44600,LEQ,澧
1572,石门县北,44610,VFQ,石
1573,石门县,44615,OMQ,石
1574,慈利,44627,CUQ,慈
1575,张家界北,44651,ZNQ,张
1576,张家界,44672,DIQ,张
1577,猛洞河,44705,MUQ,猛
1578,吉首,44726,JIQ,吉
1579,麻阳,44756,MVQ,麻
1580,会同,44855,VTQ,会
1581,靖州,44867,JEQ,靖
1582,通道,44882,TRQ,通
1583,塘豹,44888,TBQ,塘
1584,牙屯堡,44891,YTZ,牙
1585,三江县,44903,SOZ,三
1586,程村,44906,CCZ,程
1587,老堡,44912,UPZ,老
1588,塘库,44915,TUZ,塘
1589,融安,44930,RAZ,融
1590,融水,44957,RSZ,融
1591,双蒙,44963,SMZ,双
1592,罗城,44967,VCZ,罗
1593,古砦,44972,GRZ,古
1594,寨隆,44975,ZLZ,寨
1595,大岭,44978,DOZ,大
1596,宜昌东,45062,HAN,宜
1597,宜昌,45065,YCN,宜
1598,枝江北,45081,ZIN,枝
1599,荆州,45084,JBN,荆
1600,潜江,45087,QJN,潜
1601,仙桃西,45090,XAN,仙
1602,天门南,45093,TNN,天
1603,汉川,45096,HCN,汉
1604,长阳,45143,CYN,长
1605,巴东,45146,BNN,巴
1606,建始,45149,JRN,建
1607,恩施,45152,ESN,恩
1608,利川,45155,LCN,利
1609,秦岭,45293,QLY,秦
1610,红花铺,45299,HHY,红
1611,凤州,45305,FZY,凤
1612,凤县,45329,FXY,凤
1613,宏庆,45335,HEY,宏
1614,李家河,45338,LEY,李
1615,两当,45341,LDY,两
1616,徽县,45347,HYY,徽
1617,白水江,45353,BSY,白
1618,红卫坝,45356,HWY,红
1619,马蹄湾,45359,MTY,马
1620,徐家坪,45362,XJY,徐
1621,横现河,45365,HIY,横
1622,略阳,45368,LYY,略
1623,乐素河,45380,LSY,乐
1624,高潭子,45383,GTY,高
1625,巨亭,45386,JTY,巨
1626,阳平关,45389,YAY,阳
1627,燕子砭,45392,YZY,燕
1628,大滩,45398,DTY,大
1629,朝天,45404,CTY,朝
1630,冉家河,45410,RJY,冉
1631,广元,45413,GYW,广
1632,广元南,45416,GAW,广
1633,竹园坝,45455,ZAW,竹
1634,马角坝,45470,MBW,马
1635,江油,45509,JFW,江
1636,绵阳,45524,MYW,绵
1637,罗江,45542,LJW,罗
1638,德阳,45551,DYW,德
1639,广汉,45563,GHW,广
1640,成都,45584,CDW,成
1641,勉西,45677,MOY,勉
1642,勉县,45698,MVY,勉
1643,汉中,45713,HOY,汉
1644,城固,45725,CGY,城
1645,洋县,45728,YVY,洋
1646,晏家坝,45734,YBY,晏
1647,西乡,45749,XQY,西
1648,三花石,45758,SUY,三
1649,茶镇,45764,CEY,茶
1650,缯溪河,45767,ZXY,缯
1651,石泉县,45770,SXY,石
1652,池河,45776,CHY,池
1653,高梁铺,45779,GLY,高
1654,汉阴,45785,HQY,汉
1655,涧池铺,45788,JCY,涧
1656,梅子铺,45794,MPY,梅
1657,广元东,45833,GOW,广
1658,安家湾,45836,AJW,安
1659,元坝,45839,YOW,元
1660,白水,45842,BUW,白
1661,尚武,45845,SWW,尚
1662,嘉川,45848,JQW,嘉
1663,旺苍,45851,WEW,旺
1664,黄洋,45854,VVW,黄
1665,普济,45857,PIW,普
1666,乐坝,45860,VBW,乐
1667,下两,45910,ERW,下
1668,巴中,45912,IEW,巴
1669,新民场,46015,EQW,新
1670,三道堰,46017,OVW,三
1671,马街,46019,MJW,马
1672,彭州南,46021,PKW,彭
1673,步行街,46023,BWW,步
1674,彭州,46025,PMW,彭
1675,犀浦东,46039,XAW,犀
1676,犀浦,46042,XIW,犀
1677,红光镇,46045,IGW,红
1678,郫县东,46048,PFW,郫
1679,郫县,46051,PWW,郫
1680,郫县西,46054,PCW,郫
1681,安德,46057,ARW,安
1682,聚源,46060,IIW,聚
1683,都江堰,46063,DDW,都
1684,青城山,46066,QSW,青
1685,迎宾路,46080,YFW,迎
1686,李冰广场,46083,LEW,李
1687,离堆公园,46086,INW,离
1688,广安南,46316,VUW,广
1689,合川,46372,WKW,合
1690,潼南,46378,TVW,潼
1691,遂宁南,46384,OHW,遂
1692,大英,46403,PNW,大
1693,安靖,46512,PYW,安
1694,大英东,46540,IAW,大
1695,成都东,46543,ICW,成
1696,龙潭寺,46577,LTW,龙
1697,石板滩,46580,SAW,石
1698,洪安乡,46583,HAW,洪
1699,陈家湾,46592,CWW,陈
1700,红花塘,46595,HHW,红
1701,五凤溪,46598,WXW,五
1702,灵仙庙,46601,LXW,灵
1703,养马河,46604,YAW,养
1704,石桥镇,46607,SZW,石
1705,简阳,46610,JYW,简
1706,庙子沟,46613,MZW,庙
1707,临江寺,46616,LSW,临
1708,墨池坝,46619,MOW,墨
1709,资阳,46622,ZYW,资
1710,侯家坪,46625,HJW,侯
1711,长沙埂,46628,CSW,长
1712,顺河场,46631,SCW,顺
1713,登瀛崖,46634,DNW,登
1714,资中,46643,ZZW,资
1715,内江,46655,NJW,内
1716,?耗菊?,46679,BZW,??
1717,双凤驿,46682,SYW,双
1718,迎祥街,46685,YJW,迎
1719,隆昌,46688,LCW,隆
1720,李市镇,46694,LZW,李
1721,安富镇,46697,AZW,安
1722,广顺场,46700,GCW,广
1723,荣昌,46703,RCW,荣
1724,峰高铺,46706,FPW,峰
1725,大足,46709,RIW,大
1726,长河碥,46712,CHW,长
1727,双石桥,46715,SUW,双
1728,永川,46718,YCW,永
1729,栏杆滩,46739,LGW,栏
1730,临江场,46742,LNW,临
1731,柏林,46745,BLW,柏
1732,茨坝,46748,CBW,茨
1733,朱杨溪,46751,ZXW,朱
1734,平等,46754,PDW,平
1735,白沙,46757,BSW,白
1736,金刚沱,46760,JGW,金
1737,油溪,46763,YXW,油
1738,古家沱,46766,GJW,古
1739,江津,46769,JJW,江
1740,黄??,46772,HQW,黄
1741,铜罐驿,46781,TGW,铜
1742,石场,46784,SKW,石
1743,小南海,46787,XHW,小
1744,茄子溪,46793,QXW,茄
1745,重庆南,46802,CRW,渝
1746,重庆,46814,CQW,渝
1747,内江南,46874,NXW,内
1748,大山铺,46880,DSW,大
1749,自贡,46883,ZGW,自
1750,俞冲,46889,YUW,俞
1751,孔滩,46892,KTW,孔
1752,王场,46895,WCW,王
1753,敬梓场,46898,JCW,敬
1754,一步滩,46901,YIW,一
1755,宜宾,46907,YBW,宜
1756,宜宾南,46910,ANW,宜
1757,横江,46918,RJW,横
1758,水富,46919,OTW,水
1759,铜鼓溪,46919,TPW,铜
1760,滩头,46920,TTW,滩
1761,普洱渡,46921,PUW,普
1762,盐津北,46922,KCW,盐
1763,盐津,46923,AEW,盐
1764,沙沙坡,46924,OGW,沙
1765,岔河,46925,CKW,岔
1766,大关,46926,RGW,大
1767,曾家坪子,46927,ZBW,曾
1768,邓家湾,46928,REW,邓
1769,彝良,46929,ALW,彝
1770,彝良南,46930,RFW,彝
1771,昭通北,46931,ZCW,昭
1772,昭通,46932,ZDW,昭
1773,昭通南,46933,ZFW,昭
1774,仙水,46934,EXW,仙
1775,老锅厂,46935,KGW,老
1776,朱嘎,46936,RKW,朱
1777,草海,46937,WBW,草
1778,清水沟,46938,WNW,清
1779,凉水井,46939,FSW,凉
1780,小儿坪,46981,XUW,小
1781,临江溪,46982,LVW,临
1782,豆沙关,46983,DJW,豆
1783,小关溪,46984,EGW,小
1784,苍坪,46985,CEW,苍
1785,田梁子,46986,TAW,田
1786,二道桥,46987,EKW,二
1787,花土坡,46988,HMW,花
1788,迤那,46989,AKW,迤
1789,李子沟,46990,URW,李
1790,金钟,46991,JBW,金
1791,石丫口,46992,SOW,石
1792,梨树湾,47033,USW,梨
1793,沙坪坝,47066,CYW,沙
1794,珞璜,47207,LHW,珞
1795,小南垭,47216,XNW,小
1796,七龙星,47219,QLW,七
1797,民福寺,47222,MFW,民
1798,夏坝,47225,XBW,夏
1799,綦江,47237,QJW,綦
1800,三江,47243,SNW,三
1801,东升坝,47246,DAW,东
1802,镇紫街,47252,ZJW,镇
1803,赶水,47258,GSW,赶
1804,石门坎,47282,SMW,石
1805,木竹河,47285,MEW,木
1806,松坎,47288,OKW,松
1807,三元坝,47291,OYW,三
1808,蒙渡,47294,MUW,蒙
1809,太白,47297,TIW,太
1810,九龙塘,47300,JTW,九
1811,大河坝,47303,DIW,大
1812,新场,47306,XOW,新
1813,凉风垭,47309,LRW,凉
1814,桐梓,47315,TZW,桐
1815,红花园,47318,HYW,红
1816,娄山关,47321,UKW,娄
1817,汇塘河,47324,HNW,汇
1818,松坝,47327,OBW,松
1819,李家湾,47330,LYW,李
1820,高炉子,47333,VZW,高
1821,遵义,47339,ZIW,遵
1822,息烽,47396,XFW,息
1823,贵阳北,47483,KQW,贵
1824,龙里北,47487,KFW,龙
1825,贵定县,47489,KIW,贵
1826,都匀东,47491,KJW,都
1827,三都县,47493,KKW,三
1828,榕江,47495,RVW,榕
1829,从江,47497,KNW,从
1830,青莲,47601,QEW,青
1831,罗江东,47603,IKW,罗
1832,旌阳,47605,JSW,旌
1833,广汉北,47607,GVW,广
1834,青白江东,47609,QFW,青
1835,新都东,47611,EWW,新
1836,双流机场,47621,IPW,双
1837,双流西,47623,IQW,双
1838,新津,47625,IRW,新
1839,新津南,47627,ITW,新
1840,彭山北,47629,PPW,彭
1841,眉山东,47631,IUW,眉
1842,青神,47633,QVW,青
1843,乐山,47635,IVW,乐
1844,成都南,47675,CNW,成
1845,双流,47678,ORW,双
1846,公兴,47687,GUW,公
1847,普兴,47693,XRW,普
1848,青龙场,47699,QUW,青
1849,彭山,47702,PSW,彭
1850,太和,47705,TUW,太
1851,眉山,47708,MSW,眉
1852,?蔡?,47717,XTW,??
1853,思??,47720,OMW,思
1854,吴场,47723,WUW,吴
1855,马村,47726,MRW,马
1856,乐山北,47729,UTW,乐
1857,双福,47732,SFW,双
1858,峨眉,47735,EMW,峨
1859,峨眉山,47737,IXW,峨
1860,燕岗,47744,YGW,燕
1861,九里,47765,JEW,九
1862,沙湾,47768,SVW,沙
1863,轸溪,47771,ZQW,轸
1864,刘沟,47774,LDW,刘
1865,代湾,47780,DWW,代
1866,杨漩,47783,YYW,杨
1867,共和,47786,GWW,共
1868,峨边,47789,EBW,峨
1869,柏村,47792,BCW,柏
1870,金口河,47795,JHW,金
1871,关村坝,47798,GMW,关
1872,长河坝,47801,CAW,长
1873,汉源,47804,WHW,汉
1874,尼日,47807,NRW,尼
1875,苏雄,47810,OEW,苏
1876,凉红,47813,UIW,凉
1877,埃岱,47816,ADW,埃
1878,甘洛,47819,VOW,甘
1879,南尔岗,47822,NVW,南
1880,阿寨,47825,AAW,阿
1881,白果,47828,BIW,白
1882,白石岩,47831,BOW,白
1883,越西,47834,YHW,越
1884,铁西,47837,TXW,铁
1885,下普雄,47840,XPW,下
1886,拉白,47843,UBW,拉
1887,普雄,47846,POW,普
1888,上普雄,47867,OPW,上
1889,尔赛河,47870,RSW,尔
1890,尼波,47873,NPW,尼
1891,乐武,47876,UWW,乐
1892,红峰,47879,HFW,红
1893,沙马拉达,47882,OLW,沙
1894,瓦祖,47885,WOW,瓦
1895,铁口,47888,TKW,铁
1896,新凉,47891,XVW,新
1897,联合乡,47894,UXW,联
1898,喜德,47897,EDW,喜
1899,冕山,47900,MQW,冕
1900,新铁村,47903,XEW,新
1901,冕宁,47906,UGW,冕
1902,漫水湾,47909,MKW,漫
1903,月华,47912,YQW,月
1904,礼州,47915,UZW,礼
1905,西昌北,47918,EEW,西
1906,西昌,47921,ECW,西
1907,西昌南,47930,ENW,西
1908,经久,47939,JNW,经
1909,黄联关,47942,HGW,黄
1910,黄水塘,47945,HSW,黄
1911,麻栗,47948,MLW,麻
1912,黄家坝,47951,HKW,黄
1913,德昌,47954,DVW,德
1914,小高,47957,XGW,小
1915,乐跃,47960,UYW,乐
1916,蒲坝,47963,PVW,蒲
1917,永郎,47966,YLW,永
1918,弯??,47969,WQW,弯
1919,青杠,47972,QGW,青
1920,沙坝,47975,OIW,沙
1921,米易,47978,MMW,米
1922,丙谷,47981,BVW,丙
1923,垭口,47984,YKW,垭
1924,枣子林,47987,ZEW,枣
1925,桐子林,47990,TEW,桐
1926,牛坪子,47993,NZW,牛
1927,三堆子,47996,ODW,三
1928,攀枝花,47999,PRW,攀
1929,迤资,48020,YQM,迤
1930,拉??,48023,LEM,拉
1931,上格达,48026,SDM,上
1932,花棚子,48029,HZM,广
1933,鱼洞,48032,YOM,鱼
1934,新江,48035,XJM,新
1935,师庄,48038,SNM,师
1936,大湾子,48041,DFM,大
1937,向隍,48044,XZM,向
1938,红江,48047,HFM,红
1939,黄瓜园,48050,HYM,黄
1940,元谋,48056,YMM,元
1941,凤仪村,48059,FIM,凤
1942,尹地,48062,YDM,尹
1943,小月旧,48065,XFM,小
1944,羊臼河,48068,YHM,羊
1945,小村,48071,XEM,小
1946,阿南庄,48077,AZM,阿
1947,龙骨甸,48080,LGM,龙
1948,黑井,48083,HIM,黑
1949,甸心,48086,DXM,甸
1950,龙塘坝,48092,LBM,龙
1951,甸尾,48095,DRM,甸
1952,广通,48098,GOM,广
1953,大旧庄,48119,DJM,大
1954,塔石嘴,48122,TIM,塔
1955,一平浪,48125,YIM,一
1956,渔坝村,48128,YBM,渔
1957,密马龙,48131,MMM,密
1958,禄丰,48134,LFM,禄
1959,棠海,48137,THM,棠
1960,小路溪,48140,XLM,小
1961,大德,48146,DEM,大
1962,高楼房,48149,GFM,高
1963,勤丰营,48152,QFM,勤
1964,泽润里,48155,ZLM,泽
1965,青龙寺,48158,QSM,青
1966,牧羊村,48164,MCM,牧
1967,秋木园,48167,QYM,秋
1968,温泉,48170,WQM,温
1969,读书铺,48179,DPM,读
1970,桥头村,48182,QTM,桥
1971,碧鸡关,48185,BJM,碧
1972,昆明,48197,KMM,昆
1973,七甸,48815,QDM,七
1974,施家嘴,48824,SHM,施
1975,乐善村,48842,LUM,乐
1976,班猫箐,48860,BNM,班
1977,茂舍祖,48887,MOM,茂
1978,西街口,48896,EKM,西
1979,宜耐,48905,YVM,宜
1980,陆良,48914,LRM,陆
1981,长坡岭,48926,CPM,长
1982,羊者窝,48968,AEM,羊
1983,芦沟,48986,LOM,芦
1984,小得江,49004,EJM,小
1985,革居,49022,GEM,革
1986,威舍,49040,WSM,威
1987,品甸,49049,PDZ,品
1988,清水河西,49068,QHZ,清
1989,郑屯,49085,ZTZ,郑
1990,龙广,49094,UGZ,龙
1991,安龙,49107,AUZ,安
1992,白水河,49113,BVZ,白
1993,沙厂坪,49130,SPZ,沙
1994,册亨,49148,CHZ,册
1995,板其,49166,BQZ,板
1996,八渡,49184,BWZ,八
1997,平林村,49193,PCZ,平
1998,根龙,49211,GOZ,根
1999,板桃,49220,BUZ,板
2000,潞城乡,49238,UXZ,潞
2001,汪甸,49274,WVZ,汪
2002,田丁,49302,TEZ,田
2003,下塘,49303,XOZ,下
2004,永乐,49310,YEZ,永
2005,贵阳西,49631,GQW,贵
2006,湖潮,49643,HCW,湖
2007,马场,49646,MCW,马
2008,高峰,49655,GFW,高
2009,平坝,49658,PBW,平
2010,新平坝,49661,XMW,新
2011,天龙,49664,TLW,天
2012,两所屯,49670,UAW,两
2013,安顺,49673,ASW,安
2014,么铺,49676,YEW,么
2015,黄桶,49682,HWW,黄
2016,化处,49685,HEW,化
2017,六枝,49694,LIW,六
2018,那玉,49715,NYW,那
2019,关寨,49724,GRW,关
2020,二道岩,49730,RDW,二
2021,茨冲,49736,CCW,茨
2022,滥坝,49739,LQW,滥
2023,双水,49742,SLW,双
2024,水城,49745,OCW,水
2025,六盘水,49754,UMW,六
2026,马嘎,49775,MVW,马
2027,葡萄菁,49778,PTW,葡
2028,梅花山,49781,MHW,梅
2029,木戛,49802,MAW,木
2030,凤凰山,49817,FHM,凤
2031,宣威,49820,XWM,宣
2032,马房,49841,MNM,马
2033,格以头,49850,GYM,格
2034,沾益,49871,ZYM,沾
2035,曲靖,49874,QJM,曲
2036,马龙,49880,MGM,马
2037,吴官田,49904,WGM,吴
2038,小新街,49925,XXM,小
2039,照福铺,49927,ZFM,照
2040,杨林,49931,YLM,杨
2041,小哨,49940,XAM,小
2042,金马村,49958,JMM,金
2043,昆明西,50012,KXM,昆
2044,万家屯,51551,WJD,万
2045,高岭,51563,GLD,高
2046,前卫,51566,QWD,前
2047,网户,51569,WUD,网
2048,江家岭,51575,JJD,江
2049,绥中,51578,SZD,绥
2050,东辛庄,51581,DXD,东
2051,沙后所,51587,SSD,沙
2052,大甸,51593,DDD,大
2053,兴城,51596,XCD,兴
2054,塔山,51629,TSD,塔
2055,高桥镇,51632,GZD,高
2056,女儿河,51644,NRD,女
2057,桃园,51647,TYD,桃
2058,锦州,51650,JZD,锦
2059,双羊店,51707,SYD,双
2060,兰家,51710,LJD,兰
2061,凌海,51713,JID,凌
2062,金城,51716,JCD,金
2063,红旗,51719,HQD,红
2064,石山,51725,SAD,石
2065,羊圈子,51728,YQD,羊
2066,道口,51731,DKD,道
2067,沟帮子,51734,GBD,沟
2068,青堆子,51749,QDD,青
2069,高山子,51758,GSD,高
2070,段家,51761,DJD,段
2071,大虎山,51764,DHD,大
2072,唐家,51788,TJD,唐
2073,广盛,51791,GND,广
2074,励家,51794,LID,励
2075,绕阳河,51797,RHD,绕
2076,大红旗,51803,DQD,大
2077,新民,51812,XMD,新
2078,高台山,51815,GTD,高
2079,兴隆店,51824,XDD,兴
2080,三台,51827,STD,三
2081,马三家,51839,MJT,马
2082,沈阳西,51845,OXT,沈
2083,兰家屯,51850,LAT,兰
2084,五七,51968,WQD,五
2085,盘锦,51977,PVD,盘
2086,中小所,51980,ZOT,中
2087,下夹河所,51983,XET,下
2088,渤海,51998,BED,渤
2089,新开,52004,XKD,新
2090,拉拉屯,52010,LWD,拉
2091,牛庄,52019,NZD,牛
2092,西柳,52025,GCT,西
2093,葫芦岛,52049,HLD,葫
2094,金场堡,52079,JPD,金
2095,何三家,52085,HJD,何
2096,台集屯,52088,TTD,台
2097,大荒地,52091,DVD,大
2098,黄甲屯,52097,HAD,黄
2099,南票,52100,NPD,南
2100,绥中北,52105,SND,绥
2101,葫芦岛北,52108,HPD,葫
2102,锦州南,52111,JOD,锦
2103,盘锦北,52114,PBD,盘
2104,台安,52117,TID,台
2105,辽中,52119,LZD,辽
2106,薛家,52244,XJD,薛
2107,八角台,52259,BTD,八
2108,七里河,52262,QLD,七
2109,泥河子,52268,NHD,泥
2110,义县,52271,YXD,义
2111,周家屯,52277,ZOD,周
2112,上园,52280,SUD,上
2113,北票南,52289,RPD,北
2114,能家,52292,NJD,能
2115,朝阳,52304,CYD,朝
2116,大营子,52319,DZD,大
2117,大平房,52325,DPD,大
2118,公营子,52337,GYD,公
2119,小平房,52343,XPD,小
2120,叶柏寿,52349,YBD,叶
2121,红石,52373,HSD,红
2122,河汤沟,52376,HTD,河
2123,凌源东,52379,LDD,凌
2124,凌源,52382,LYD,凌
2125,侯杖子,52388,HZD,侯
2126,水泉,52391,SID,水
2127,四道沟,52394,SDD,四
2128,三十家,52397,SRD,三
2129,魏杖子,52400,WKD,魏
2130,杨树岭,52409,YAD,杨
2131,平泉,52415,PQP,平
2132,小寺沟,52439,ESP,小
2133,大杖子,52442,DAP,大
2134,上谷,52445,SGP,上
2135,榆树沟,52448,YGP,榆
2136,永和,52451,YEP,永
2137,甲山,52454,JOP,甲
2138,下板城,52457,EBP,下
2139,皇姑屯,53144,HTT,皇
2140,望山,53243,WVD,望
2141,新立屯,53264,XLD,新
2142,么荒,53273,YWD,么
2143,十家子,53276,SJD,十
2144,泡子,53282,POD,泡
2145,彰武,53291,ZWD,彰
2146,章古台,53321,ZGD,章
2147,阿尔乡,53324,ARD,阿
2148,甘旗卡,53330,GQD,甘
2149,衙门营,53345,YMD,衙
2150,木里图,53357,MUD,木
2151,通辽西,53360,TXD,通
2152,通辽,53363,TLD,通
2153,通辽东,53411,TDD,通
2154,五道木,53414,WMD,五
2155,钱家店,53423,QJD,钱
2156,乌斯土,53429,WSD,乌
2157,大林,53432,DLD,大
2158,大罕,53438,DAD,大
2159,门达,53444,MDD,门
2160,欧里,53447,OLD,欧
2161,白市,53453,BAD,白
2162,哈尔滨西,53469,VAB,哈
2163,双城北,53472,SBB,双
2164,扶余北,53475,FBT,扶
2165,德惠西,53478,DXT,德
2166,崔家营子,53480,CZT,崔
2167,长春西,53481,CRT,长
2168,公主岭南,53484,GBT,公
2169,四平东,53487,PPT,四
2170,昌图西,53490,CPT,昌
2171,开原西,53493,KXT,开
2172,铁岭西,53496,PXT,铁
2173,鞍山西,53499,AXT,鞍
2174,海城西,53502,HXT,海
2175,营口东,53505,YGT,营
2176,盖州西,53508,GAT,盖
2177,鲅鱼圈,53511,BYT,鲅
2178,瓦房店西,53514,WXT,瓦
2179,普湾,53517,PWT,普
2180,大连北,53520,DFT,大
2181,大连,53522,DLT,大
2182,沙河口,53552,SKT,沙
2183,周水子,53555,ZIT,周
2184,南关岭,53564,NLT,南
2185,盐岛,53585,YNT,盐
2186,金州,53591,JZT,金
2187,三十里堡,53609,SST,三
2188,普兰店,53618,PLT,普
2189,瓦房店,53627,WDT,瓦
2190,松树,53657,SFT,松
2191,许家屯,53669,XJT,许
2192,熊岳城,53675,XYT,熊
2193,盖州,53690,GXT,盖
2194,大石桥,53699,DQT,大
2195,海城,53732,HCT,海
2196,南台,53744,NTT,南
2197,鞍山,53759,AST,鞍
2198,灵山,53774,LNT,灵
2199,首山,53795,SAT,首
2200,辽阳,53801,LYT,辽
2201,太子河,53822,THT,太
2202,张台子,53825,ZZT,张
2203,灯塔,53831,DGT,灯
2204,林盛堡,53843,LBT,林
2205,苏家屯,53846,SXT,苏
2206,苏北,53869,OBT,苏
2207,浑河,53870,HHT,浑
2208,沈阳,53876,SYT,沈
2209,沈阳北,53885,SBT,沈
2210,虎石台,53900,HUT,虎
2211,新城子,53912,XCT,新
2212,得胜台,53924,DET,得
2213,铁岭,53927,TLT,铁
2214,开原,53954,KYT,开
2215,昌图,53981,CTT,昌
2216,四平,54011,SPT,四
2217,郭家店,54071,GDT,郭
2218,公主岭,54080,GLT,公
2219,陶家屯,54092,TOT,陶
2220,范家屯,54095,FTT,范
2221,大屯,54104,DNT,大
2222,长春南,54107,CET,长
2223,长春,54116,CCT,长
2224,西丰,54736,XFT,西
2225,一间堡,55523,YJT,一
2226,米沙子,55532,MST,米
2227,沃皮,55535,WPT,沃
2228,布海,55541,BUT,布
2229,德惠,55550,DHT,德
2230,中德,55559,ZDT,中
2231,达家沟,55562,DJT,达
2232,丁家园,55568,DIT,丁
2233,姚家,55574,YAT,姚
2234,陶赖昭,55580,TPT,陶
2235,团山,55604,TNT,团
2236,扶余,55607,FYT,扶
2237,蔡家沟,55622,CJT,蔡
2238,兰棱,55625,LLB,兰
2239,双城堡,55631,SCB,双
2240,五家,55643,WUB,五
2241,王岗,55655,WGB,王
2242,哈尔滨,55661,HBB,哈
2243,五棵树,55760,WKT,五
2244,刘家店,55763,UDT,刘
2245,榆树,55769,YRT,榆
2246,新立镇,55772,XGT,新
2247,谢家镇,55775,XMT,谢
2248,小合隆,55886,XWT,小
2249,开安,55892,KAT,开
2250,朱三家,55895,ZTT,朱
2251,华家,55898,HJT,天
2252,长发,55901,CFT,长
2253,农安,55904,NAT,农
2254,赵家沟,55913,ZJT,赵
2255,柴岗,55916,CGT,柴
2256,姚家坨子,55919,YTT,姚
2257,哈拉海,55922,HIT,哈
2258,二营子,55928,RYT,二
2259,王府,55931,WUT,王
2260,哈玛,55934,HFT,哈
2261,七家子,55937,QCT,七
2262,松原,55943,VYT,松
2263,通途,55967,TUT,通
2264,长山屯,55976,CVT,长
2265,塔虎城,55982,TMT,塔
2266,大安,55985,RAT,大
2267,两家,56003,UJT,两
2268,安广,56009,AGT,安
2269,来福,56015,UFT,来
2270,到保,56027,RBT,到
2271,胜利,56099,SIT,胜
2272,双辽,56366,ZJD,双
2273,太平川,56426,TIT,太
2274,白城,56504,BCT,白
2275,榆树屯,56663,YSX,榆
2276,顾甸,56666,GDX,顾
2277,大民屯,56669,DMX,大
2278,齐齐哈尔,56675,QHX,齐
2279,高林屯,56813,GOD,高
2280,宝龙山,56822,BND,宝
2281,敖力布告,56834,ALD,敖
2282,庆丰,56870,QFT,庆
2283,巨宝,56876,JRT,巨
2284,犹字井,56879,YOT,犹
2285,工农湖,56885,GRT,工
2286,官字井,56894,GOT,官
2287,奈字井,56897,NID,奈
2288,乾安,56900,QOT,乾
2289,海坨子,56915,HZT,海
2290,建设,56921,JET,建
2291,大安北,56924,RNT,大
2292,他石海,56948,TRT,他
2293,新肇,56954,XZT,新
2294,劳动屯,56963,LMT,劳
2295,太阳升,56966,TQT,太
2296,立志,56969,LZX,立
2297,向阳村,56972,XJX,向
2298,新华屯,56975,XAX,新
2299,兴无,56978,XUX,兴
2300,八村,56984,BVX,八
2301,林源,56987,LYX,林
2302,创业村,56990,CEX,创
2303,银浪,56996,YJX,银
2304,独立屯,57005,DTX,独
2305,壮志,57008,ZUX,壮
2306,庙台子,57329,MZB,庙
2307,万乐,57332,WEB,万
2308,对青山,57344,DQB,对
2309,里木店,57347,LMB,里
2310,姜家,57350,JJB,姜
2311,肇东,57353,ZDB,肇
2312,尚家,57362,SJB,尚
2313,宋,57368,SOB,宋
2314,羊草,57374,YAB,羊
2315,安达,57377,ADX,安
2316,卧里屯,57398,WLX,卧
2317,大庆东,57407,LFX,大
2318,大庆,57416,DZX,大
2319,大庆西,57425,RHX,大
2320,喇嘛甸,57446,LMX,喇
2321,高家,57452,GJX,高
2322,泰康,57455,TKX,泰
2323,烟筒屯,57470,YUX,烟
2324,红旗营,57485,HQX,红
2325,昂昂溪,57497,AAX,昂
2326,富拉尔基,57524,FRX,富
2327,虎尔虎拉,57533,HHX,虎
2328,黑岗,57542,HGX,黑
2329,白山乡,57548,BSX,白
2330,龙江,57551,LJX,龙
2331,鲁河,57563,LUX,鲁
2332,碾子山,57566,NZX,碾
2333,吉新河,57572,JXX,吉
2334,成吉思汗,57578,CJX,成
2335,古里金,57581,GLX,古
2336,高台子,57587,GTX,高
2337,扎兰屯,57590,ZTX,扎
2338,卧牛河,57611,WNX,卧
2339,三道桥,57617,SDX,三
2340,哈拉苏,57623,HAX,哈
2341,南木,57626,NMX,南
2342,富林,57629,FLX,富
2343,巴林,57635,BLX,巴
2344,喇嘛山,57638,LSX,喇
2345,紫沟,57644,ZGX,紫
2346,雅鲁,57647,YYX,雅
2347,旗山,57650,QSX,旗
2348,沟口,57653,GKX,沟
2349,博克图,57659,BKX,博
2350,沙力,57680,SIX,沙
2351,新南沟,57686,XNX,新
2352,兴安岭,57692,XVX,兴
2353,西岭口,57698,XKX,西
2354,哈拉沟,57701,HOX,哈
2355,乌奴耳,57707,WRX,乌
2356,北头河,57716,BTX,北
2357,免渡河,57722,MDX,免
2358,小北,57743,XBX,小
2359,牙克石,57749,YKX,牙
2360,大雁,57761,DYX,大
2361,扎罗木得,57764,ZMX,扎
2362,哈克,57773,HKX,哈
2363,海拉尔,57785,HRX,海
2364,大良,57812,DAX,大
2365,乌固诺尔,57815,WGX,乌
2366,乌兰丘,57818,WQX,乌
2367,东宫,57824,DGX,东
2368,完工,57827,WOX,完
2369,都伦,57830,DLX,都
2370,陵丘,57833,LQX,陵
2371,赫尔洪得,57836,HDX,赫
2372,皇德,57839,HEX,皇
2373,豪门,57842,HNX,豪
2374,嵯岗,57845,CAX,嵯
2375,湖北,57851,HBX,湖
2376,扎赉诺尔,57854,ZRX,扎
2377,东壕,57866,DOX,东
2378,胪滨,57869,LNX,胪
2379,满洲里,57872,MLX,满
2380,北安,59648,BAB,北
2381,滨江,59768,BJB,滨
2382,新松浦,59777,XOB,新
2383,徐家,59783,XJB,徐
2384,呼兰,59789,HUB,呼
2385,沈家,59807,OJB,沈
2386,康金井,59813,KJB,康
2387,石人城,59819,SRB,石
2388,白奎堡,59825,BKB,白
2389,兴隆镇,59831,XZB,兴
2390,万发屯,59837,WFB,万
2391,绥化,59846,SHB,绥
2392,沙园,59870,OAB,沙
2393,秦家,59873,QJB,秦
2394,四方台,59879,STB,四
2395,张维屯,59885,ZWB,张
2396,新泉,59891,EQB,新
2397,绥棱,59894,SIB,绥
2398,东边井,59900,DBB,东
2399,海伦,59903,HLB,海
2400,扎音河,59915,ZYB,扎
2401,海北,59918,HEB,海
2402,通北,59924,TBB,通
2403,杨家,59927,YJB,杨
2404,李家,59933,LJB,李
2405,赵光,59939,ZGB,赵
2406,牡丹江,61193,MDB,牡
2407,王兆屯,61919,WZB,王
2408,香坊,61922,XFB,香
2409,新香坊,61931,XTB,新
2410,成高子,61946,CZB,成
2411,阿城,61958,ACB,阿
2412,亚沟,61970,YGB,亚
2413,玉泉,61976,YQB,玉
2414,小岭,61985,XLB,小
2415,平山,61991,PSB,平
2416,帽儿山,61997,MRB,帽
2417,尚志,62018,SZB,尚
2418,一面坡,62024,YPB,一
2419,苇河,62051,WHB,苇
2420,亚布力,62057,YBB,亚
2421,开道,62069,KDB,开
2422,虎峰,62072,HFB,虎
2423,治山,62075,ZSB,治
2424,横道河子,62081,HDB,横
2425,青岭子,62099,QZB,青
2426,山市,62102,SQB,山
2427,敖头,62108,ATB,敖
2428,海林,62114,HRB,海
2429,拉古,62120,LGB,拉
2430,爱河,62135,AHB,爱
2431,磨刀石,62144,MOB,磨
2432,大观岭,62147,DOB,大
2433,代马沟,62153,DUB,代
2434,北林,62159,BEB,北
2435,穆棱,62165,MLB,穆
2436,伊林,62186,YLB,伊
2437,下城子,62189,XCB,下
2438,马桥河,62192,MQB,马
2439,红房子,62198,HZB,红
2440,太岭,62204,TNB,太
2441,绥西,62213,SXB,绥
2442,绥阳,62219,SYB,绥
2443,宽沟,62225,KGB,宽
2444,绥芬河,62231,SFB,绥
2445,图们,62465,TML,图
2446,舒兰,62744,SLL,舒
2447,长春东,62981,COT,长
2448,龙泉,62984,LWL,龙
2449,兴隆山,62993,XLL,兴
2450,卡伦,62996,KLL,卡
2451,龙家堡,62999,LPL,龙
2452,九台,63005,JTL,九
2453,营城,63014,YCL,营
2454,土们岭,63020,TNL,土
2455,左家,63023,ZJL,左
2456,桦皮厂,63029,HPL,桦
2457,孤店子,63035,GZL,孤
2458,吉林,63059,JLL,吉
2459,江密峰,63122,JFL,江
2460,天岗,63137,TGL,安
2461,六道河,63143,LEL,六
2462,老爷岭,63149,LLL,老
2463,小姑家,63155,XGL,小
2464,拉法,63158,LFL,拉
2465,蛟河,63164,JHL,蛟
2466,白石山,63194,BAL,白
2467,二道河,63197,RDL,二
2468,黄松甸,63200,HDL,黄
2469,黄泥河,63212,HHL,黄
2470,秋梨沟,63218,QGL,秋
2471,太平岭,63224,TLL,太
2472,敦化,63227,DHL,敦
2473,大桥,63248,DQL,大
2474,大石头,63251,DSL,大
2475,哈尔巴岭,63254,HRL,哈
2476,南沟,63260,NGL,南
2477,亮兵台,63266,LBL,亮
2478,采石场,63272,CIL,采
2479,安图,63275,ATL,安
2480,乐园,63278,UYL,乐
2481,茶条沟,63281,CTL,茶
2482,榆树川,63284,YNL,榆
2483,葆园,63287,BYL,葆
2484,铜佛寺,63293,TSL,铜
2485,朝阳川,63296,CYL,朝
2486,延吉,63320,YJL,延
2487,溪洞,63329,XDL,溪
2488,磨盘山,63332,MPL,磨
2489,河南,63335,HEL,河
2490,苇子沟,63338,WZL,苇
2491,水礼,63341,SUL,水
2492,曲水,63344,QSL,曲
2493,沈阳东,63644,SDT,沈
2494,世博园,63669,ZWT,世
2495,抚顺北,63686,FET,抚
2496,章党,63692,ZHT,章
2497,营东,63701,IDT,营
2498,南杂木,63707,NZT,南
2499,苍石,63713,CST,苍
2500,南口前,63716,NKT,南
2501,黑石木,63719,HST,黑
2502,清原,63728,QYT,清
2503,长山堡,63749,CBL,长
2504,英额门,63752,YML,英
2505,兴隆河,63756,XIA,兴
2506,草市,63761,CSL,草
2507,龙山,63767,LSL,龙
2508,山城镇,63770,SCL,山
2509,黑山头,63776,HOL,黑
2510,宝山,63779,BOL,宝
2511,海龙,63800,HIL,海
2512,六家,63803,LZL,六
2513,朝阳镇,63806,CZL,朝
2514,团林,63809,TUL,团
2515,纪家,63815,JJL,纪
2516,石家,63821,OJL,石
2517,磐石,63824,PSL,磐
2518,永宁,63830,YEL,永
2519,七间房,63833,QJL,七
2520,明城,63836,MCL,明
2521,烟筒山,63839,YSL,烟
2522,大梨树,63860,DRL,大
2523,双河镇,63869,SEL,双
2524,口前,63890,KQL,口
2525,哈福,64229,HFL,哈
2526,石岭,64241,SOL,石
2527,天德泉,64244,TRL,天
2528,平岗,64250,PGL,平
2529,白泉,64253,BQL,白
2530,辽源,64259,LYL,辽
2531,渭津,64283,WJL,渭
2532,大兴镇,64286,DZL,大
2533,东丰,64289,DIL,东
2534,东丰北,64295,DBL,东
2535,梅河口,64301,MHL,梅
2536,清徐,65003,QUV,清
2537,交城,65006,JNV,交
2538,文水,65009,WEV,文
2539,汾阳,65012,FAV,汾
2540,吕梁,65021,LHV,吕
2541,柳林南,65024,LKV,柳
2542,吴堡,65027,WUY,吴
2543,义合镇,65030,AIY,义
2544,子洲,65033,ZZY,子
2545,魏家楼,65036,WEY,魏
2546,靖边,65045,JIY,靖
2547,定边,65054,DYJ,定
2548,太阳山,65072,TYJ,太
2549,红寺堡,65081,HSJ,红
2550,中宁东,65087,ZDJ,中
2551,玉山南,65615,YGG,玉
2552,鹰潭北,65618,YKG,鹰
2553,抚州东,65621,FDG,抚
2554,进贤南,65624,JXG,进
2555,高安,65640,GCG,高
2556,新余北,65643,XBG,新
2557,宜春,65646,YEG,宜
2558,萍乡北,65649,PBG,萍
2559,醴陵东,65652,UKQ,醴
2560,郑州东,65773,ZAF,郑
2561,二郎庙,65776,EMF,二
2562,许昌东,65779,XVF,许
2563,漯河西,65782,LBN,漯
2564,驻马店西,65785,ZLN,驻
2565,明港东,65788,MDN,明
2566,信阳东,65791,OYN,信
2567,孝感北,65794,XJN,孝
2568,横店东,65797,HEN,横
2569,武汉,65800,WHN,武
2570,咸宁北,65806,XRN,咸
2571,赤壁北,65809,CIN,赤
2572,岳阳东,65812,YIQ,岳
2573,汨罗东,65815,MQQ,汨
2574,长沙南,65818,CWQ,长
2575,株洲西,65821,ZAQ,株
2576,衡山西,65824,HEQ,衡
2577,衡阳东,65827,HVQ,衡
2578,耒阳西,65830,LPQ,耒
2579,郴州西,65833,ICQ,郴
2580,韶关,65839,SNQ,韶
2581,英德西,65842,IIQ,英
2582,清远,65845,QBQ,清
2583,广州南,65848,IZQ,广
2584,庆盛,65851,QSQ,庆
2585,虎门,65854,IUQ,虎
2586,光明城,65857,IMQ,光
2587,深圳北,65860,IOQ,深
2588,碧江,65900,BLQ,碧
2589,北滘,65903,IBQ,北
2590,顺德,65906,ORQ,顺
2591,顺德学院,65909,OJQ,顺
2592,容桂,65912,RUQ,容
2593,南头,65915,NOQ,南
2594,小榄,65918,EAQ,小
2595,东升,65921,DRQ,东
2596,中山北,65924,ZGQ,中
2597,中山,65927,ZSQ,中
2598,南朗,65930,NNQ,南
2599,翠亨,65933,IHQ,翠
2600,珠海北,65936,ZIQ,珠
2601,唐家湾,65939,PDQ,唐
2602,明珠,65942,MFQ,明
2603,前山,65945,QXQ,前
2604,珠海,65948,ZHQ,珠
2605,龙嘉,65960,UJL,龙
2606,九台南,65963,JNL,九
2607,双吉,65966,SML,双
2608,达拉特西,66003,DNC,达
2609,响沙湾,66007,XSC,响
2610,罕台川,66012,HCC,罕
2611,东胜西,66015,DYC,东
2612,鄂尔多斯,66018,EEC,鄂
2613,新街,66021,XJC,新
2614,上海虹桥,66100,AOH,上
2615,仙林,66310,XPH,仙
2616,宝华山,66313,BWH,宝
2617,丹徒,66316,RUH,丹
2618,惠山,66319,VCH,惠
2619,无锡新区,66322,IFH,无
2620,苏州新区,66325,ITH,苏
2621,苏州园区,66328,KAH,苏
2622,阳澄湖,66331,AIH,阳
2623,昆山南,66334,KNH,昆
2624,花桥,66337,VQH,花
2625,安亭北,66340,ASH,安
2626,南翔北,66343,NEH,南
2627,打拉亥,66666,DHC,打
2628,那林桃亥,66670,NLC,那
2629,姑家堡,66674,GPC,姑
2630,葫芦,66677,HVC,葫
2631,廊坊,66800,LJP,廊
2632,天津南,66803,TIP,天
2633,沧州西,66806,CBP,沧
2634,德州东,66809,DIP,德
2635,济南西,66812,JGK,济
2636,泰安,66815,TMK,泰
2637,曲阜东,66818,QAK,曲
2638,枣庄,66821,ZEK,枣
2639,滕州东,66824,TEK,滕
2640,徐州东,66827,UUH,徐
2641,宿州东,66830,SRH,宿
2642,蚌埠南,66833,BMH,蚌
2643,定远,66836,EWH,定
2644,滁州,66839,CXH,滁
2645,镇江南,66842,ZEH,镇
2646,丹阳北,66845,EXH,丹
2647,常州北,66848,ESH,常
2648,无锡东,66851,WGH,无
2649,苏州北,66854,OHH,苏
2650,津沪所,75001,00A,津
2651,崔马庄所,75002,01A,崔
2652,黄渡所,75003,02A,黄
2653,南翔北所,75004,03A,南
2654,杭州东,90041,HGH,杭
2655,九江西,90064,JKG,九
2656,元田坝,90215,YPW,元
2657,隆安,98004,UVZ,隆
2658,平果,98005,PGZ,平
2659,田东,98009,TDZ,田
2660,田阳,98011,TRZ,田
2661,百色,98014,BIZ,百
2662,田林,98019,TFZ,田
2663,兴义,98032,XRZ,兴
2664,金华南,98036,RNH,金
2665,武义,98037,RYH,武
2666,永康,98038,RFH,永
2667,缙云,98039,JYH,缙
2668,丽水,98040,USH,丽
2669,新东孝,98041,XXE,新
2670,青田,98042,QVH,青
2671,温州,98043,RZH,温
2672,武夷山,98044,WAS,武
2673,建阳,98045,JYS,建
2674,建瓯,98046,JVS,建
2675,石林,98047,SLM,石
2676,石林南,98048,LNM,石
2677,宜良北,98049,YSM,宜
2678,永丰营,98050,YYM,永
2679,广南卫,98052,GNM,广
2680,王家营西,98054,KNM,王
2681,羊堡,98055,ABM,羊
2682,大田边,98056,DBM,大
2683,岔江,98057,CAM,岔
2684,江所田,98058,JOM,江
2685,罗平,98059,LPM,罗
2686,中寨,98060,ZZM,中
2687,新安,98061,EAM,新
2688,师宗,98062,SEM,师
2689,秧草地,98063,YKM,秧
2690,横岗,99030,HOG,横
2691,南昌,99054,NCG,昌
2692,新祺周,99093,XOG,新
2693,杨家岭,99097,YLG,杨
2694,扎赉诺尔西,99103,ZXX,扎
2695,永定,99105,YGS,永
2696,仙师,99106,XSI,仙
2697,琥市,99107,HSI,琥
2698,大埔,99108,DPI,大
2699,聊城北,99110,UBK,聊
2700,基太,99112,JTI,基
2701,张巷,99221,ZYG,张
2702,大洋洲,99224,DZG,大
2703,八都,99227,BUG,八
2704,醪桥,99228,UQG,醪
2705,吉安南,99231,VNG,吉
2706,冠朝,99233,GLG,冠
2707,沙村,99234,SCG,沙
2708,营盘上,99235,YBG,营
2709,龙口,99237,UKG,龙
2710,赣州,99239,GZG,赣
2711,铅山西,99250,QSA,铅
2712,茶亭,99253,CTI,茶
2713,九龙,99501,JQO,九
2715,绵阳市富乐汽车站,NULL,NULL,NULL
2717,绵阳市汽车客运总站,NULL,NULL,NULL
2719,江油站,NULL,NULL,NULL
2721,成都旅游客运中心（新南门汽车站）,NULL,NULL,NULL
2725,成都市茶店子客运站,NULL,NULL,NULL
2729,成都市双流客运中心,NULL,NULL,NULL
2732,德阳站,NULL,NULL,NULL
2735,眉山东门汽车站,NULL,NULL,NULL
2737,峨眉站,NULL,NULL,NULL
2739,乐山客运中心站,NULL,NULL,NULL
2740,白鸡坡,50170,BBM,白
2741,百宜,47477,FHW,百
2742,柏果,50249,BGM,柏
2743,曹家湾,50167,FWW,曹
2744,打括,49706,DOW,打
2745,大湾,50165,DMW,大
2746,大宗坪,65686,ROW,大
2747,都格,50177,DMM,都
2748,渡口,48446,DXW,渡
2749,发耳,50171,FEM,发
2750,福溪,46949,FXW,福
2751,贵定北,65694,FMW,贵
2752,贵阳东,47485,KEW,贵
2753,汉王山,46952,HOW,汉
2754,汉旺,45896,HIW,汉
2755,红果,50225,HEM,红
2756,花家庄,50237,HJM,花
2757,鸡场坡,49703,JRW,鸡
2758,金沙湾,46958,JWW,金
2759,开阳,47473,KVW,开
2760,凯里南,65692,QKW,凯
2761,六盘水南,50168,KPW,六
2762,龙洞堡,47486,FVW,龙
2763,洛碛,35153,FOW,洛
2764,洛湾三江,47481,KRW,洛
2765,茅草坪,50172,KPM,茅
2766,密地,48425,MXW,密
2767,木瓜坪,45956,MWW,木
2714,绵阳站,NULL,NULL,NULL
2716,绵阳市平政汽车站,NULL,NULL,NULL
2718,南湖汽车站,NULL,NULL,NULL
2720,成都火车南站,NULL,NULL,NULL
2722,成都市北门汽车站,NULL,NULL,NULL
2723,成都市城北客运中心,NULL,NULL,NULL
2726,成都机场客运站,NULL,NULL,NULL
2727,成都汽车总站,NULL,NULL,NULL
2728,成都市青羊区金沙车站,NULL,NULL,NULL
2730,成都市双流鲢鱼村客运站,NULL,NULL,NULL
2731,茶店子长途汽车站,NULL,NULL,NULL
2734,眉山站,NULL,NULL,NULL
2736,眉山市东坡区客运中心站,NULL,NULL,NULL
2738,乐山站,NULL,NULL,NULL
2768,南岸坝,46946,NAW,南
2769,南川,47570,KWW,南
2770,南江,47475,FIW,南
2771,盘关,50243,PAM,盘
2772,平田,50240,PTM,平
2773,普定,49700,PGW,普
2774,赛金桥,46955,OJW,赛
2775,三家寨,50173,SMM,三
2776,三穗,65690,QHW,三
2777,沙沱,50234,SFM,沙
2778,水江,47576,ONW,水
2779,松河,50174,SBM,松
2780,铜仁南,65688,TNW,铜
2781,万盛,47468,WSW,万
2782,相思河,47479,KUW,相
2783,新晃西,65684,EWQ,新
2784,巡场,46961,XJW,巡
2785,鸭江,47579,ACW,鸭
2786,营街,50180,YAM,营
2787,雨格,50175,VTM,雨
2788,玉舍,50169,AUM,玉
2789,月亮田,50246,YUM,月
2790,昭化,45440,ZHW,昭
2791,织金,49709,IZW,织
2792,重庆东,47067,CIW,渝
2793,重庆西,47068,CXW,渝
2794,韶山南,65663,INQ,韶
2795,娄底南,65666,UOQ,娄
2796,邵阳北,65669,OVQ,邵
2797,溆浦南,65675,EMQ,溆
2798,怀化南,65678,KAQ,怀
2799,平度,10085,PAK,平
2800,一二九公里,10097,YJP,一
2801,于家堡,10140,YKP,于
2802,杨家口,10223,AKP,杨
2803,军粮城北,10351,JMP,军
2804,滨海,10354,FHP,滨
2805,滨海北,10357,FCP,滨
2806,滦河,10360,UDP,滦
2807,曹妃甸北,10921,CBV,曹
2808,赵家店所,10959,RUP,赵
2809,唐海,10961,TVP,唐
2810,丰润西,10967,VRP,丰
2811,团瓢庄,10969,TPP,团
2812,半壁山,10971,IBP,半
2813,李家营,10973,UVP,李
2814,承德西,10975,CNP,承
2815,滦平东,10977,UWP,滦
2816,丰宁,10981,INP,丰
2817,赤城,10985,ICP,赤
2818,赵川北,10989,IOP,赵
2819,沙岭子西,10991,IXP,沙
2820,昌平北,11609,VBP,昌
2821,官高,11612,GVP,官
2822,北宅,11624,BVP,北
2823,怀柔北,11630,HBP,怀
2824,流水沟,11676,USP,流
2825,南大庙,11681,NMP,南
2826,猴山,11684,HEP,猴
2827,虎什哈,11687,HHP,虎
2828,五道河,11690,WHP,五
2829,二道沟门,11693,RDP,二
2830,平坊,11696,PVP,平
2831,滦平,11699,UPP,滦
2832,窑上,11702,ASP,窑
2833,张百湾,11705,ZUP,张
2834,金沟屯,11708,VGP,金
2835,滦河沿,11711,UNP,滦
2836,梁底下,11714,LDP,梁
2837,白旗,11717,BQP,白
2838,超梁沟,11720,CYP,超
2839,闹海营,11723,NHP,闹
2840,隆化,11726,UHP,隆
2724,成都市城东客运中心,NULL,NULL,NULL
2733,德阳市汽车站,NULL,NULL,NULL
2841,河洛营,11747,HYD,河
2842,汤头沟,11750,TGD,汤
2843,沙坨子,11753,SMD,沙
2844,张三营,11756,ZSD,张
2845,东大坝,11759,DUD,东
2846,庙宫,11762,MGD,庙
2847,四合永,11765,OHD,四
2848,腰栈,11768,YVD,腰
2849,广德号,11771,GDD,广
2850,银镇,11774,AZD,银
2851,纪家沟,11777,VJD,纪
2852,黄家店,11783,VDD,黄
2853,朝阳地,11786,CDD,朝
2854,五十家子,11789,VZD,五
2855,杨家营,11792,AVD,杨
2856,老府,11795,UFD,老
2857,中台子,11798,ZVD,中
2858,牛家营子,11801,NYD,牛
2859,四分地,11804,SFD,四
2860,红花沟,11807,VHD,红
2861,三把火,11810,SBD,三
2862,曹家营子,11812,CVD,曹
2863,北台子,11813,BWD,北
2864,赤峰西,11819,CID,赤
2865,赤峰,11822,CFD,赤
2866,赤峰东,11843,CUD,赤
2867,东南营子,11846,RND,东
2868,水地,11849,OVD,水
2869,安庆沟,11852,AQD,安
2870,风水沟,11853,FGD,风
2871,山湾子,11855,OWD,山
2872,老哈河,11858,LAD,老
2873,小河沿,11861,XYD,小
2874,四道湾,11864,OUD,四
2875,莲花山,11867,LHD,莲
2876,孤山子,11876,VSD,孤
2877,羊场,11882,YED,羊
2878,敖汉,11885,AHD,敖
2879,三义井,11888,OYD,三
2880,新窝铺,11891,EPD,新
2881,四合,11894,OED,四
2882,舍力虎,11897,VLD,舍
2883,奈曼,11900,NMD,奈
2884,嘎什吐,11909,GED,嘎
2885,昂乃,11912,AND,昂
2886,白音他拉,11915,BID,白
2887,黄花筒,11921,HUD,黄
2888,八仙筒,11924,VXD,八
2889,敖来,11927,AID,敖
2890,东明村,11930,DMD,东
2891,嘎什甸子,11933,GXD,嘎
2892,治安,11936,ZAD,治
2893,东来,11939,RVD,东
2894,瓦房,11942,WAD,瓦
2895,太平庄,11945,TPD,太
2896,余粮堡,11948,YLD,余
2897,西六方,11957,XFD,西
2898,育新,11966,YID,育
2899,于家店,11999,YUP,于
2900,韩麻营,12002,HYP,韩
2901,延庆,12224,YNP,延
2902,友谊水库,12766,YSC,友
2903,兴和西,12768,XEC,兴
2904,庙梁,12770,MIC,庙
2905,西土城,12772,XUC,西
2906,张家口,12782,ZKP,张
2907,集宁,12941,JNC,集
2908,七苏木,12962,QSC,七
2909,大陆号,12968,DLC,大
2910,贲红,12974,BVC,贲
2911,芦家村,12977,LJC,芦
2912,白音察干,12980,BYC,白
2913,乌兰哈达,12983,WLC,乌
2914,阿贵图,12989,AGC,阿
2915,土牧尔台,12992,TRC,土
2916,乌兰花,12998,WHC,乌
2917,白银哈尔,13004,BIC,白
2918,巴彦郭勒,13007,BGC,巴
2919,德日斯图,13013,DRC,德
2920,朱日和,13016,ZRC,朱
2921,锡林呼都嘎,13022,XLC,锡
2922,赛汗塔拉,13025,SHC,赛
2923,楚鲁图,13046,CLC,楚
2924,图呼木,13049,THC,图
2925,郭尔奔敖包,13052,GRC,郭
2926,夏拉哈马,13055,XMC,夏
2927,齐哈日格图,13058,QHC,齐
2928,查干特格,13064,CTC,查
3655,长岭子,54263,CLT,长
3656,刘家村,54264,AJT,刘
3657,龙头,54269,LDT,龙
3658,旅顺,54275,LST,旅
3659,丹东西,54336,RWT,丹
3660,东港北,54340,RGT,东
3661,北井子,54342,BRT,北
3662,大孤山,54344,RMT,大
3663,青堆,54346,QET,青
3664,庄河北,54350,ZUT,庄
3665,花园口,54354,HYT,花
3666,城子坦,54356,CWT,城
3667,皮口,54358,PUT,皮
3668,广宁寺,54360,GQT,广
3669,牛角山,54365,NJT,牛
3670,广宁寺南,54368,GNT,广
3671,蚕厂屯,54371,CUT,蚕
3672,亮甲店,54374,LRT,亮
3673,泉水屯,54377,IUT,泉
3674,登沙河,54380,DWT,登
3675,旗杆底,54383,QGT,旗
3676,杏树屯,54386,XDT,杏
3677,大刘家,54389,DBT,大
3678,清水河,54392,QHT,清
3679,李家屯,54395,LJT,李
3680,皮口南,54398,PKT,皮
3681,夹心子,54401,JXT,夹
3682,城子坦东,54404,CNT,城
3683,老边,54566,LLT,老
3684,营口,54569,YKT,营
3685,宝镜,54607,BJT,宝
3686,安平,54611,APT,安
3687,新寒岭,54620,XVT,新
3688,寒岭,54623,HAT,寒
3689,北台,54632,BTT,北
3690,明阳,54672,MET,明
3691,高阳镇,54674,GYT,高
3692,大郑,54676,DAT,大
3693,庄河,54678,ZET,庄
3694,吴家屯,54887,WJT,吴
3695,陈相屯,54896,CXT,陈
3696,姚千户屯,54902,YQT,姚
3697,歪头山,54905,WIT,歪
3698,石桥子,54908,SQT,石
3699,高家岁,54917,GJT,高
3700,新岭,54920,XLT,新
3701,火连寨,54923,HLT,火
3702,威宁,54924,WNT,威
3703,本溪湖,54926,BHT,本
3704,本溪,54935,BXT,本
3705,桥北,54984,QQT,桥
3706,桥头,54986,QAT,桥
3707,金坑,54998,JKT,金
3708,南芬,55001,NFT,南
3709,下马塘,55013,XAT,下
3710,连山关,55019,LGT,连
3711,祁家堡,55025,QBT,祁
3712,草河口,55031,CKT,草
3713,通远堡,55037,TYT,通
3714,林家台,55040,LQT,林
3715,中兴,55043,ZXT,中
3716,长虹,55046,CHT,长
3717,刘家河,55049,LVT,刘
3718,秋木庄,55052,QMT,秋
3719,鸡冠山,55058,JST,鸡
3720,袁家堡,55061,IVT,袁
3721,四台子,55064,OTT,四
3722,凤凰城,55070,FHT,凤
3723,张家堡,55091,ZBT,张
3724,一面山,55094,YST,一
3725,汤河,55097,VTT,汤
3726,汤山城,55100,TCT,汤
3727,五龙背,55103,WBT,五
3728,老古沟,55106,LOT,老
3729,金山湾,55109,JWT,金
3730,蛤蟆塘,55112,HMT,蛤
3731,丹东,55118,DUT,丹
3732,牛心台,55163,NXT,牛
3733,偏岭,55166,PNT,偏
3734,松树台,55169,IST,松
3735,温泉寺,55172,WQT,温
3736,小市,55175,XST,小
3737,泉水,55178,QST,泉
3738,田师府,55190,TFT,田
3739,赵家,55220,ZQT,赵
3740,官家,55223,GUT,官
3741,大堡,55229,DVT,大
3742,石城,55232,SCT,石
3743,铁佛寺,55235,TBT,铁
3744,边沟,55238,BKT,边
3745,佟家,55241,VJT,佟
3746,庙阳,55244,MYT,庙
3747,天桥,55247,VQT,天
3748,灌水,55250,GST,灌
3749,龙爪沟,55253,LZT,龙
3750,宽甸,55256,KDT,宽
3751,坦甸,55268,TDE,坦
3752,永甸,55274,INT,永
3753,长甸,55277,CDT,长
3754,榆树台,55328,YUT,榆
3755,五三,55329,WST,五
3756,孤家子,55331,GKT,孤
3757,东湖,55333,DMT,东
3758,新园,55335,XUT,新
3759,民家,55336,MGT,民
3760,深井子,55337,SWT,深
3761,琥珀湖,55338,HPT,琥
3762,李石寨,55340,LET,李
3763,中华寺,55343,ZNT,中
3764,瓢儿屯,55349,PRT,瓢
3765,雷锋路,55351,LIT,雷
3766,大官屯,55355,DTT,大
3767,抚顺,55376,FST,抚
3768,高尔山,55380,GET,高
3769,松原北,55945,OCT,松
3770,三井子,55947,OJT,三
3771,弓棚子,55949,GPT,弓
3772,扶余西,55951,FXT,扶
3773,五家户,56054,WOT,五
3774,平台,56057,PVT,平
3775,平安镇,56060,PZT,平
3776,镇西,56066,ZVT,镇
3777,葛根庙,56069,GGT,葛
3778,卫东,56072,WVT,卫
3779,宁家,56075,NVT,宁
3780,乌兰浩特,56081,WWT,乌
3781,贾家街,56090,JYT,贾
3782,湖南,56093,HNT,湖
3783,归流河,56096,GHT,归
3784,哈拉黑,56102,HET,哈
3785,宝门乡,56105,BOT,宝
3786,忙罕屯,56109,MAT,忙
3787,大石寨,56111,RZT,大
3788,猛鹫山,56114,MOT,猛
3789,德伯斯,56117,RDT,德
3790,景阳屯,56120,JTT,景
3791,索伦,56123,SNT,索
3792,丰林,56132,FLT,丰
3793,白海,56135,BIT,白
3794,金银沟,56141,JOT,金
3795,明水河,56144,MUT,明
3796,西口,56147,XKT,西
3797,五叉沟,56156,WCT,五
3798,牛汾台,56159,NRT,牛
3799,白狼,56165,BAT,白
3800,南兴安,56168,NIT,南
3801,北兴安,56171,BNT,北
3802,阿尔山,56174,ART,阿
3803,老伊尔施,56193,IIT,老
3804,伊尔施,56195,YET,伊
3805,双阳,56236,OYT,双
3806,泉沟,56336,QGD,泉
3807,八面城,56342,BMD,八
3808,曲家店,56345,QND,曲
3809,三江口,56357,SKD,三
3810,金宝屯,56360,JBD,金
3811,山场屯,56387,SCD,山
3812,大土山,56390,DTD,大
3813,卧虎屯,56393,WOD,卧
3814,堡石图,56402,PSD,堡
3815,茂林,56408,MLD,茂
3816,保康,56414,BKD,保
3817,金山,56417,JND,金
3818,丰库,56420,FKD,丰
3819,满汉营,56423,MYD,满
3820,于海屯,56447,YBT,于
3821,三宝屯,56450,SVT,三
3822,佟家店,56459,TDT,佟
3823,开通,56462,KTT,开
3824,胡家店,56465,HDT,胡
3825,二龙山,56471,RIT,二
3826,四合屯,56477,OHT,四
3827,黑水,56480,HOT,黑
3828,南洮南,56483,NOT,南
3829,洮南,56486,TVT,洮
3830,大仙,56495,RXT,大
3831,阳山,56501,YIT,阳
3832,镇赉,56537,ZLT,镇
3833,坦途,56555,TTT,坦
3834,街基,56561,JJT,街
3835,泰来,56564,TLX,泰
3836,乌兰昭,56573,WZX,乌
3837,克利,56576,KLX,克
3838,平洋,56582,PYX,平
3839,江桥,56591,JQX,江
3840,大兴,56594,DXX,大
3841,汤池,56606,TCX,汤
3842,三间房,56615,SFX,三
3843,通辽北,57029,TED,通
3844,昆都庙,57032,KDD,昆
3845,双泡子,57035,OPD,双
3846,花吐古拉,57047,HOD,广
3847,舍伯吐,57053,OBD,舍
3848,前十家,57056,QVD,前
3849,珠日河牧场,57062,ZRD,珠
3850,毛告吐,57065,MOD,毛
3851,莫莫营子,57066,MMD,莫
3852,道老杜,57068,DED,道
3853,四合台,57071,OTD,四
3854,扎鲁特,57074,ZLD,扎
3855,塔力根土,57077,TOD,塔
3856,石灰窑,57083,OOD,石
3857,布敦化,57089,BFD,布
3858,白音胡硕,57092,BCD,白
3859,新艾里,57116,XVD,新
3860,双山屯,57117,SPD,双
3861,杜尔基,57119,RRD,杜
3862,乌兰中,57122,WZD,乌
3863,乌斯台,57125,WID,乌
3864,车家营子,57128,CRD,车
3865,吐列毛杜,57131,TMD,吐
3866,好力套高,57134,VGD,好
3867,西哲里木,57137,XRD,西
3868,莺歌,57140,YOD,莺
3869,燕舞,57143,YRD,燕
3870,哈日努拉,57149,HRD,哈
3871,白云,57150,BVD,白
3872,云端,57152,YND,云
3873,珠斯花,57155,ZHD,珠
3874,霍林郭勒,57173,HWD,霍
3875,霍林河,57179,HND,霍
3876,哈尔滨北,57301,HTB,哈
3877,齐齐哈尔南,57303,QNB,齐
3878,忠工屯,57914,ZOX,忠
3879,石门子,57926,SZX,石
3880,新绰源,57944,XRX,新
3881,塔尔气,57959,TVX,塔
3882,汇流河,58199,HUX,汇
3883,牧原,58211,MYX,牧
3884,煤田,58217,MTX,煤
3885,乌尔旗汗,58220,WHX,乌
3886,岩山,58247,YNX,岩
3887,原林,58256,YWX,原
3888,库都尔,58265,KDX,库
3889,新帐房,58274,XZX,新
3890,岭南,58277,LWX,岭
3891,岭北,58283,LBX,岭
3892,图里河,58289,TEX,图
3893,伊图里河,58298,YEX,伊
3894,哈达,58319,HVX,哈
3895,根河,58325,GEX,根
3896,朝中,58340,CZX,朝
3897,朝原,58343,CYX,朝
3898,静岭,58346,JLX,静
3899,金林,58352,JNX,金
3900,金河,58361,JHX,金
3901,牛耳河,58391,NRX,牛
3902,阿龙山,58397,ASX,阿
3903,阿乌尼,58415,AWX,阿
3904,满归,58421,MHX,满
3905,大其拉哈,58454,DQX,大
3906,喀喇其,58463,KQX,喀
3907,克一河,58475,KHX,克
3908,索图罕,58487,SHX,索
3909,甘河,58490,GAX,甘
3910,吉文,58514,JWX,吉
3911,阿里河,58532,AHX,阿
3912,得耳布尔,58577,DRX,得
3913,莫尔道嘎,58595,MRX,莫
3914,小榆树,58745,XSX,小
3915,二道湾,58748,RDX,二
3916,青水山,58751,VSX,青
3917,团结,58754,TIX,团
3918,拉哈,58757,LHX,拉
3919,光明,58760,GMX,光
3920,六合镇,58763,LEX,六
3921,八方,58764,BAX,八
3922,讷河,58769,NHX,讷
3923,恒地营,58781,VVX,恒
3924,老莱,58784,LAX,老
3925,伊拉哈,58796,YLX,伊
3926,九三,58799,SSX,九
3927,弯道,58800,WDX,弯
3928,鹤山,58808,HSX,鹤
3929,新高峰,58811,XGX,新
3930,新彦,58814,EYX,新
3931,嫩江,58817,NGX,嫩
3932,哈达阳,58838,HYX,哈
3933,哈力图,58841,HFX,哈
3934,小黑山,58844,XIX,小
3935,红彦,58850,VIX,红
3936,达拉滨,58859,DFX,达
3937,大杨树东,58865,RYX,大
3938,大杨树,58868,DUX,大
3939,春亭阁,58877,CGX,春
3940,乌鲁布铁,58883,WBX,乌
3941,朝阳村,58889,CUX,朝
3942,讷尔克气,58895,NKX,讷
3943,白桦排,58901,BPX,白
3944,加南,58904,JAX,加
3945,加格达奇,58910,JGX,加
3946,松树林,58931,SXX,松
3947,小扬气,58946,XYX,小
3948,古源,58952,GUX,古
3949,大扬气,58958,DKX,大
3950,劲松,58961,JOX,劲
3951,新天,58970,XXX,新
3952,太阳沟,58979,TYX,太
3953,塔源,58988,TWX,塔
3954,林海,58991,LXX,林
3955,新林,59015,XPX,新
3956,大乌苏,59021,DWX,大
3957,碧州,59030,BOX,碧
3958,翠岗,59036,CIX,翠
3959,塔尔根,59048,TRX,塔
3960,塔河,59054,TXX,塔
3961,绣峰,59084,XFX,绣
3962,瓦拉干,59090,WVX,瓦
3963,盘古,59117,PGX,盘
3964,聂河,59126,NIX,聂
3965,阿木尔,59138,JTX,阿
3966,图强,59144,TQX,图
3967,漠河,59150,MVX,漠
3968,古莲,59153,GRX,古
3969,翠峰,59225,CFX,翠
3970,宏图,59249,VTX,宏
3971,呼源,59267,VYX,呼
3972,呼中,59288,VZX,呼
3973,碧水,59294,BUX,碧
3974,高头,59537,GOX,高
3975,冯屯,59540,FTX,冯
3976,塔哈,59552,THX,塔
3977,群力,59555,QIX,群
3978,中和,59561,ZHX,中
3979,哈川,59564,HCX,哈
3980,富裕,59567,FYX,富
3981,树林,59579,SLX,树
3982,富海,59585,FHX,富
3983,依安,59597,YAX,依
3984,古城,59624,GCB,古
3985,克山,59630,KSB,克
3986,克东,59642,KOB,克
3987,二井,59681,EJA,二
3988,二龙山屯,59687,ELA,二
3989,五大连池,59693,WRB,五
3990,龙镇,59696,LZA,龙
3991,龙门河,59717,MHA,龙
3992,辰清,59720,CQB,辰
3993,孙吴,59726,SKB,孙
3994,西岗子,59732,NBB,西
3995,锦河,59735,JHB,锦
3996,黑河,59738,HJB,黑
3997,哈尔滨东,60002,VBB,哈
3998,兴福,60176,XEB,兴
3999,东津,60182,DKB,东
4000,全胜,60191,QVB,全
4001,龙船,60194,LCB,龙
4002,庆安,60200,QAB,庆
4003,高老,60209,GOB,高
4004,双丰,60215,OFB,双
4005,王杨,60221,WYB,王
4006,铁力,60227,TLB,铁
4007,桃山,60239,TAB,桃
4008,石长,60248,OCB,石
4009,神树,60254,SWB,神
4010,圣浪,60278,OVB,圣
4011,界山,60287,JSB,界
4012,小白,60293,XBB,小
4013,朗乡,60302,LXB,朗
4014,带岭,60317,DLB,带
4015,松青,60326,OBB,松
4016,南岔,60335,NCB,南
4017,绿潭,60359,LTB,绿
4018,晨明,60371,CMB,晨
4019,威岭,60377,WNB,威
4020,浩良河,60392,HHB,浩
4021,香兰,60401,XNB,香
4022,汤原,60413,TYB,汤
4023,望江,60431,WJB,望
4024,兴莲,60443,XGB,兴
4025,莲江口,60446,LHB,莲
4026,佳木斯,60452,JMB,佳
4027,柳树,60509,LOB,柳
4028,金山屯,60530,JTB,金
4029,西林,60536,XYB,西
4030,苔青,60551,TQB,苔
4031,美溪,60557,MEB,美
4032,伊春,60566,YCB,伊
4033,双子河,60590,SEB,双
4034,友好,60593,YOB,友
4035,红山,60599,VSB,红
4036,五营,60611,WWB,五
4037,红星,60638,VXB,红
4038,新青,60644,XQB,新
4039,汤旺河,60653,THB,汤
4040,乌伊岭,60662,WPB,乌
4041,半截河,60728,BHB,半
4042,鹤立,60734,HOB,鹤
4043,新华,60737,XHB,新
4044,峻德,60740,JDB,峻
4045,鹤岗,60752,HGB,鹤
4046,宝泉岭,60776,BQB,宝
4047,鹤北,60779,HMB,鹤
4048,永胜,60812,YVB,永
4049,四马架,60821,SMB,四
4050,太平镇,60824,TEB,太
4051,丰乐镇,60827,FZB,丰
4052,笔架山,60830,BSB,笔
4053,福利屯,60836,FTB,福
4054,双鸭山,60845,SSB,双
4055,升昌,60884,OEB,升
4056,红兴隆,60890,VHB,红
4057,新友谊,60896,EYB,新
4058,九营,60905,JYB,九
4059,富锦,60923,FIB,富
4060,向阳川,60950,ECB,向
4061,建三江,60962,JIB,建
4062,换新天,60968,VTB,换
4063,前进镇,60971,QEB,前
4064,洪河,60974,HPB,洪
4065,前锋,60977,QFB,前
4066,东二道河,60980,DRB,东
4067,寒葱沟,60983,HKB,寒
4068,抚远,60989,FYB,抚
4069,双柳,61080,SLB,双
4070,宝清,61083,BUB,宝
4071,富江镇,61241,FJB,富
4072,桦林,61253,HIB,桦
4073,柴河,61256,CHB,柴
4074,五林,61262,WLB,五
4075,朱家沟,61265,ZUB,朱
4076,宝林,61274,BNB,宝
4077,楚山,61280,CSB,楚
4078,向阳,61283,XDB,向
4079,林口,61289,LKB,林
4080,古城镇,61310,GZB,古
4081,亚河,61316,YHB,亚
4082,青山,61322,QSB,青
4083,虎山,61328,HVB,虎
4084,佛岭,61331,FLB,佛
4085,通天屯,61334,TTB,通
4086,勃利,61337,BLB,勃
4087,杏树,61361,XSB,杏
4088,倭肯,61364,WQB,倭
4089,阎家,61370,YIB,阎
4090,桦南,61376,HNB,桦
4091,八虎力,61379,BIB,八
4092,孟家岗,61382,MGB,孟
4093,申家店,61388,ODB,申
4094,长发屯,61400,CFB,长
4095,东佳木斯,61403,DMB,东
4096,互助,61424,HCB,互
4097,七台河,61433,QTB,七
4098,杨木,61520,YMB,杨
4099,奎山,61526,KAB,奎
4100,西麻山,61529,XMB,西
4101,麻山,61532,MAB,麻
4102,青龙,61538,QIB,青
4103,兰岭,61544,ULB,兰
4104,滴道,61550,DDB,滴
4105,鸡西,61574,JXB,鸡
4106,鸡东,61586,JOB,鸡
4107,东海,61595,DHB,东
4108,永安乡,61601,YNB,永
4109,黑台,61607,HQB,黑
4110,连珠山,61613,LIB,连
4111,密山西,61619,MXB,密
4112,密山,61622,MSB,密
4113,裴德,61643,PDB,裴
4114,兴凯,61649,EKB,兴
4115,杨岗,61655,YRB,杨
4116,凯北,61658,KBB,凯
4117,卫星,61661,WVB,卫
4118,虎林,61682,VLB,虎
4119,迎春,61715,YYB,迎
4120,东方红,61727,DFB,东
4121,八面通,61766,BMB,八
4122,梨树镇,61775,LSB,梨
4123,石磷,61778,SPB,石
4124,柳毛,61784,LEB,柳
4125,亚布力南,62255,YWB,亚
4126,长汀镇,62324,CDB,长
4127,石岘,62495,SXL,石
4128,汪清,62513,WQL,汪
4129,大兴沟,62525,DXL,大
4130,庙岭,62528,MLL,庙
4131,天桥岭,62534,TQL,安
4132,石头河,62540,SVL,石
4133,春阳,62543,CAL,春
4134,老松岭,62549,LKL,老
4135,鹿道,62552,LDL,鹿
4136,斗沟子,62555,DGB,斗
4137,马莲河,62558,MHB,马
4138,东京城,62564,DJB,东
4139,石头,62570,OTB,石
4140,兰岗,62576,LNB,兰
4141,宁安,62579,NAB,宁
4142,温春,62582,WDB,温
4143,海浪,62594,HAB,海
4144,卡路屯,62597,KLB,卡
4145,东门,62665,DNB,东
4146,孙家,62666,SUB,孙
4147,平房,62678,PFB,平
4148,周家,62684,ZOB,周
4149,牛家,62690,NJB,牛
4150,拉林,62696,LAB,拉
4151,背荫河,62699,BYB,背
4152,安家,62705,AJB,安
4153,五常,62711,WCB,五
4154,杜家,62732,DJL,杜
4155,山河屯,62735,SHL,山
4156,平安,62738,PAL,平
4157,棋盘,62828,QPL,棋
4158,金珠,62858,JVL,金
4159,亚复,62861,YRL,亚
4160,大口钦,62867,DKL,大
4161,前窑,62870,QVL,前
4162,丰广,62876,FGL,丰
4163,吉舒,62882,JSL,吉
4164,东富,62888,DUL,东
4165,蛟河西,63065,JOL,蛟
4166,威虎岭北,63068,WBL,威
4167,大石头南,63071,DAL,大
4168,安图西,63074,AXL,安
4169,延吉西,63077,YXL,延
4170,珲春,63083,HUL,珲
4171,大西,63263,DXB,大
4172,图们北,63344,QSL,图
4173,龙井,63419,LJL,龙
4174,八家子,63485,BZL,八
4175,和龙,63494,HLL,和
4176,松江镇,63551,OZL,松
4177,荒沟西,63554,HGL,荒
4178,枕头峰,63557,ZTL,枕
4179,十里坪,63560,SKL,十
4180,五龙背东,63605,WMT,五
4181,凤城东,63608,FDT,凤
4182,通远堡西,63611,TST,通
4183,南芬北,63614,NUT,南
4184,本溪新城,63617,BVT,本
4185,沈阳南,63623,SOT,沈
4186,光辉,63935,GHL,光
4187,板杖子,63938,BCL,板
4188,辉南,63941,HNL,辉
4189,杉松岗,63947,SBL,杉
4190,伊通,64201,YTL,伊
4191,建安,64203,JUL,建
4192,谢家,64385,XJL,谢
4193,柳河,64388,LNL,柳
4194,郑家堡,64391,ZPL,郑
4195,驼腰岭,64394,TIL,驼
4196,五道沟,64397,WDL,五
4197,大泉眼,64400,IOL,大
4198,三源浦,64403,SYL,三
4199,通沟,64409,TOL,通
4200,干沟,64412,GGL,干
4201,二密河,64415,RML,二
4202,通化,64418,THL,通
4203,通化县,64420,TXL,通
4204,古城子,64424,GFT,古
4205,桓龙湖,64426,HKT,桓
4206,五女山,64428,WET,五
4207,大雅河,64430,DDT,大
4208,雅河,64431,YLT,雅
4209,天桥沟,64432,VGT,天
4210,东通化,64439,DTL,东
4211,水洞,64448,SIL,水
4212,鸭园,64451,YYL,鸭
4213,铁厂,64454,TCL,铁
4214,万隆,64457,WLL,万
4215,果松,64460,GSL,果
4216,石湖,64463,SPL,石
4217,老岭,64466,LRL,老
4218,双安屯,64469,STL,双
4219,黄柏,64472,HBL,黄
4220,西阳岔,64475,XIL,西
4221,阳岔,64478,YAL,阳
4222,集安,64481,JAL,集
4223,菇园,64544,GYL,菇
4224,道清,64547,DML,道
4225,老营,64550,LXL,老
4226,白山市,64556,HJL,白
4227,石人,64577,SRL,石
4228,林子头,64580,LIL,林
4229,遥林,64583,YLL,遥
4230,松岭,64586,SWL,松
4231,三队,64592,SAL,三
4232,花山,64595,HML,花
4233,临江,64598,LQL,临
4234,靖宇,64606,JYL,靖
4235,三道湖,64608,SDL,三
4236,抚松,64610,FSL,抚
4237,大栗子,64622,DLL,大
4238,咋子,64652,ZAL,咋
4239,江源,64658,SZL,江
4240,大东,64664,DDL,大
4241,枫叶岭,64667,FYL,枫
4242,湾沟,64670,WGL,湾
4243,平川,64673,PCL,平
4244,青沟子,64697,QOL,青
4245,松树镇,64700,SSL,松
4246,氡泉,64723,DOL,氡
4247,仙人桥,64730,XRL,仙
4248,黄泥崴子,64733,HQL,黄
4249,小山,64739,XSL,小
4250,松江河,64742,SJL,松
4251,板石河,64745,BNL,板
4252,柳毛沟,64748,UML,柳
4253,泉阳,64751,QYL,泉
4254,北岗,64772,BGL,北
4255,影壁山,64775,YBA,影
4256,砬子河,64778,LVL,砬
4257,露水河,64781,LUL,露
4258,二岔,64783,ECL,二
4259,火炬沟,64787,HKL,火
4260,白河,64790,BEL,白
4261,盐池,65300,YKJ,盐
4262,灵武,65315,LNJ,灵
4263,湘潭北,65660,EDQ,湘
4264,新化南,65672,EJQ,新
4265,芷江,65681,ZPQ,芷
4266,南曹,65701,NEF,南
4267,孟庄,65703,MZF,孟
4268,新郑机场,65705,EZF,新
4269,宋城路,65761,SFF,宋
4270,运粮河,65764,YEF,运
4271,绿博园,65767,LCF,绿
4272,贾鲁河,65770,JLF,贾
4273,李朗所,65861,AVQ,李
4274,深圳坪山,65862,IFQ,深
4275,惠州南,65864,KNQ,惠
4276,惠东,65866,KDQ,惠
4277,鲘门,65868,KMQ,鲘
4278,汕尾,65870,OGQ,汕
4279,陆丰,65872,LLQ,陆
4280,葵潭,65874,KTQ,葵
4281,普宁,65876,PEQ,普
4282,潮阳,65878,CNQ,潮
4283,潮汕,65880,CBQ,潮
4284,饶平,65882,RVQ,饶
4285,诏安,65884,ZDS,诏
4286,云霄,65886,YBS,云
4287,漳浦,65888,ZCS,漳
4288,福田,65891,NZQ,福
4289,古镇,66400,GNQ,古
4290,江海,66403,JNQ,江
4291,江门,66406,JWQ,江
4292,礼乐,66409,UEQ,礼
4293,新会,66412,EFQ,新
4294,阿达日格,66678,ARC,阿
4295,宝拉格,66679,BQC,宝
4296,草六格尔,66681,CRC,草
4297,石门村,66690,SMC,石
4298,刘伟壕,66691,LWC,刘
4299,厂汗,66692,CHC,厂
4300,乌兰胡同,66693,WUC,乌
4301,忽吉图,66694,HEC,忽
4302,生芝渠,88901,SIY,生
4303,襄河,90000,XXB,襄
4304,钦州东,90122,QDZ,钦
4305,潮水,91008,CUB,潮
4306,双龙山,99072,OIB,双
4307,苹果园,99983,PGP,苹
4308,诸往,99989,ZPK,诸
4309,乳山,99990,ROK,乳
4310,下初,99991,XFK,下
4311,文登,99992,WBK,文
4312,威海,99993,WKK,威
2929,赛乌苏,13067,SWC,赛
2930,西里,13070,XIC,西
2931,二连,13073,RLC,二
2932,头道井,13109,TJC,头
2933,呼吉尔,13115,HRC,呼
2934,乌日根塔拉,13118,WRC,乌
2935,查干诺尔,13121,CGC,查
2936,三介海子,13134,SPC,三
2937,商都,13136,SXC,商
2938,三营图,13138,QIC,三
2939,二道沟,13140,RGC,二
2940,化德,13142,HGC,化
2941,白音特拉,13144,BRC,白
2942,保健,13146,BPC,保
2943,达盖,13148,DAC,达
2944,兴和,13150,XBC,兴
2945,星耀,13152,XDC,星
2946,朝格温多尔,13154,CWC,朝
2947,正镶白旗,13156,ZXC,正
2948,西胡尔清,13158,XRC,西
2949,道仑郭勒,13160,DEC,道
2950,查干芒和,13162,CMC,查
2951,牙拉盖图,13164,YTC,牙
2952,桑根达来,13166,OGC,桑
2953,贺日斯台,13168,HMC,贺
2954,伊和恩格拉,13170,YNC,伊
2955,公主埂,13172,GZC,公
2956,好鲁库,13174,HKC,好
2957,汗苏鲁,13176,HQC,汗
2958,马架子,13178,MBC,马
2959,经棚,13180,JPC,经
2960,下坑子,13182,XKC,下
2961,上店,13184,ODC,上
2962,六地沟,13186,LGC,六
2963,嘎拉德斯汰,13188,GLC,嘎
2964,宇宙地,13190,YZC,宇
2965,林西,13192,LXC,林
2966,温都和硕,13194,WDC,温
2967,平顶庙,13196,PDC,平
2968,大板,13198,DBC,大
2969,宝木吐,13200,BMC,宝
2970,古鲁满汗,13202,GHC,古
2971,查干哈达,13204,CDC,查
2972,达日其嘎,13206,DQC,达
2973,林东,13208,LRC,林
2974,衙门庙,13210,YMC,衙
2975,刁家段,13212,DDC,刁
2976,查布嘎,13214,CBC,查
2977,福兴地,13216,FXC,福
2978,道德,13218,DCC,道
2979,沙日乃,13220,ORC,沙
2980,准沙日乌苏,13222,ZSC,准
2981,开鲁,13224,KLC,开
2982,金家店,13226,JJC,金
2983,福巨,13228,FJC,福
2984,哲里木,13230,ZLC,哲
2985,乌日图,13235,WTC,乌
2986,白音库伦,13236,BUC,白
2987,灰腾梁,13237,HUC,灰
2988,锡林浩特,13238,XTC,锡
2989,锡林浩特北,13261,XGC,锡
2990,海彦呼都格,13263,KOC,海
2991,扎布其尔,13271,ZBC,扎
2992,格勒森德,13273,GIC,格
2993,西乌旗,13277,XWC,西
2994,白音华南,13283,FNC,白
2995,宝日格,13293,FQC,宝
2996,苏吉达巴,13297,OBC,苏
2997,三家店,13394,ODP,三
2998,斜河涧,13415,EEP,斜
2999,落坡岭,13418,LPP,落
3000,雁翅,13430,YAP,雁
3001,珠窝,13439,ZOP,珠
3002,沿河城,13445,YHP,沿
3003,幽州,13448,YZP,幽
3004,旧庄窝,13451,JVP,旧
3005,官厅,13457,GTP,官
3006,官厅西,13458,KEP,官
3007,二道沙河,15128,RDC,二
3008,石拐,15146,SGC,石
3009,新贤城,15188,XCC,新
3010,包头北,15203,BBC,包
3011,昆独仑召,15230,KDC,昆
3012,瓦窑坝,15231,WCC,瓦
3013,桃儿湾,15242,TWC,桃
3014,明安,15245,MAC,明
3015,营盘湾,15251,YPC,营
3016,高家村,15254,GAC,高
3017,坝梁,15260,BLC,坝
3018,西斗铺,15266,XPC,西
3019,西小沟,15272,XXC,西
3020,老羊壕,15275,LYC,老
3021,艾不盖,15281,ABC,艾
3022,白云鄂博,15293,BEC,白
3023,黑沙土,15380,HIC,黑
3024,本井,15395,BJC,本
3025,吉兰泰,15413,JTC,吉
3026,大武口,15446,DFJ,大
3027,大磴沟,15473,DKJ,大
3028,呼鲁斯太,15479,VTJ,呼
3029,白芨沟,15491,BJJ,白
3030,汝箕沟,15515,RQJ,汝
3031,岳家井,15548,YGJ,岳
3032,庆阳山,15554,QSJ,庆
3033,谭家井,15563,TNJ,谭
3034,石峡子,15566,SXJ,石
3035,黑冲滩,15569,HCJ,黑
3036,土门子,15575,TCJ,土
3037,园墩,15578,YAJ,园
3038,上腰墩,15581,SPJ,上
3039,白银市,15596,BNJ,白
3040,吴家川,15629,WCJ,吴
3041,靖远西,15635,JXJ,靖
3042,靖远,15638,JYJ,靖
3043,东湾,15644,DRJ,东
3044,长征,15650,CZJ,长
3045,黄河涯,16139,HHK,黄
3046,陵城,16223,LGK,陵
3047,临邑,16227,LUK,临
3048,商河,16231,SOK,商
3049,阳信,16239,YVK,阳
3050,滨州,16245,BIK,滨
3051,利津南,16249,LNK,利
3052,东营南,16257,DOK,东
3053,淮北,17126,HRH,淮
3054,新河,17153,EEH,新
3055,芝兰庄,17972,ZMK,芝
3056,桓台,18131,VTK,桓
3057,博兴,18140,BXK,博
3058,史口,18152,SKK,史
3059,东营,18155,DPK,东
3060,南定,18224,NDK,南
3061,淄川,18227,ZWK,淄
3062,大昆仑,18230,DKK,大
3063,博山,18233,BSK,博
3064,南仇,18350,NCK,南
3065,刘征,18359,UZK,刘
3066,黑旺,18365,HWK,黑
3067,西桐古,18368,XGK,西
3068,北牟,18371,BVK,北
3069,口头,18374,KTK,口
3070,源迁,18377,AQK,源
3071,南博山,18383,NBK,南
3072,常庄,18386,CVK,常
3073,莱芜东,18398,LWK,莱
3074,莱芜西,18419,UXK,莱
3075,蔺家楼,18422,ULK,蔺
3076,司家岭,18425,OLK,司
3077,范镇,18428,VZK,范
3078,燕家庄,18431,AZK,燕
3079,上高镇,18434,SVK,上
3080,桃村东,18606,TDK,桃
3081,埠西头,18608,BTK,埠
3082,铺集,18615,PJK,铺
3083,草庙子,18617,CAK,草
3084,柘车河所,18651,ZKK,柘
3085,即墨北,18653,JVK,即
3086,夏格庄,18655,XZK,夏
3087,莱西北,18657,LBK,莱
3088,海阳北,18659,HEK,海
3089,桃村北,18661,TOK,桃
3090,西陌堂所,18663,XIK,西
3091,芝罘,18665,GZK,芝
3092,烟台南,18667,YLK,烟
3093,牟平,18669,MBK,牟
3094,威海北,18671,WHK,威
3095,文登东,18673,WGK,文
3096,荣成,18675,RCK,荣
3097,沭阳,18845,FMH,沭
3098,淮安,18869,AUH,淮
3099,淮安南,18878,AMH,淮
3100,阜宁,18914,AKH,阜
3101,建湖,18932,AJH,建
3102,盐城,18968,AFH,盐
3103,东台,19022,DBH,东
3104,炉桥,19382,LQH,炉
3105,巢湖,19493,CIH,巢
3106,裕溪口,19529,YXH,裕
3107,安庆,20093,AQH,安
3108,丰台西,20156,FXP,丰
3109,胜芳,20381,SUP,胜
3110,霸州西,20383,FOP,霸
3111,白沟,20385,FEP,白
3112,白洋淀,20387,FWP,白
3113,南湖东,21101,NDN,南
3114,汤逊湖,21104,THN,汤
3115,庙山,21107,MSN,庙
3116,普安,21110,PAN,普
3117,纸坊东,21113,ZMN,纸
3118,乌龙泉南,21116,WFN,乌
3119,土地堂东,21119,TTN,土
3120,山坡东,21122,SBN,山
3121,贺胜桥东,21125,HLN,贺
3122,横沟桥东,21128,HNN,横
3123,咸宁东,21131,XKN,咸
3124,咸宁南,21134,UNN,咸
3125,周口店,21188,ZPP,周
3126,房山,21218,FRP,房
3127,新坡,21458,XPP,新
3128,彭城,21467,PCP,彭
3129,义井,21470,YOP,义
3130,和村,21473,HNP,和
3131,南阳寨,21749,NYF,南
3132,黄河景区,21751,HCF,黄
3133,武陟,21753,WIF,武
3134,修武西,21755,EXF,修
3135,花山南,21885,KNN,花
3136,左岭,21887,ZSN,左
3137,华容南,21891,KRN,华
3138,鄂州东,21893,EFN,鄂
3139,花湖,21895,KHN,花
3140,黄石北,21897,KSN,黄
3141,大冶北,21899,DBN,大
3142,武昌东,21935,WDN,武
3143,黄石东,22123,OSN,黄
3144,流芳,22265,LFN,流
3145,黄冈东,22450,KAN,黄
3146,黄冈,22452,KGN,黄
3147,黄冈西,22454,KXN,黄
3148,华容东,22456,HPN,华
3149,葛店南,22458,GNN,葛
3150,华城,24402,VCQ,天
3151,霍邱,25091,FBH,霍
3152,晋中,26473,JZV,晋
3153,太谷西,26475,TIV,太
3154,祁县东,26477,QGV,祁
3155,平遥古城,26479,PDV,平
3156,介休东,26481,JDV,介
3157,灵石东,26483,UDV,灵
3158,霍州东,26485,HWV,霍
3159,洪洞西,26487,HTV,洪
3160,临汾西,26489,LXV,临
3161,襄汾西,26491,XTV,襄
3162,侯马西,26493,HPV,侯
3163,闻喜西,26495,WOV,闻
3164,运城北,26497,ABV,运
3165,永济北,26499,AJV,永
3166,堂邑,26658,TBK,堂
3167,临澧,26810,LWQ,临
3168,常德,26864,VGQ,常
3169,汉寿,26900,VSQ,汉
3170,益阳,26963,AEQ,益
3171,益阳东,26972,ADQ,益
3172,宁乡,27008,NXQ,宁
3173,怀仁东,27301,HFV,怀
3174,应县,27304,YZV,应
3175,山阴,27307,SNV,山
3176,神池,27623,SMV,神
3177,五寨,27635,WZV,五
3178,安塘,27641,ATV,安
3179,秦家庄,27644,QZV,秦
3180,岢岚,27650,KLV,岢
3181,北义井,27680,BYV,北
3182,定襄,27683,DXV,定
3183,蒋村,27686,JCV,蒋
3184,河边,27689,HBV,河
3185,汾河,27713,FEV,汾
3186,西张,27782,XRV,西
3187,柳林河,27788,LLV,柳
3188,古东,27794,GDV,古
3189,古交,27797,GJV,古
3190,镇城底,27800,ZDV,镇
3191,娄烦,27802,USV,娄
3192,岚县,27808,UXV,岚
3193,白文东,27814,BCV,白
3194,白文,27910,BVV,白
3195,侯马北,28133,HOV,侯
3196,孝南,28520,XNV,孝
3197,孝西,28526,XOV,孝
3198,白壁关,28529,BGV,白
3199,兑镇,28535,DWV,兑
3200,阳泉曲,28538,YYV,阳
3201,白水县,28801,BGY,白
3202,澄城,28803,CUY,澄
3203,合阳北,28805,HTY,合
3204,芝阳,28880,ZYY,芝
3205,南永宁,28895,NYY,南
3206,长江埠,29342,CFN,长
3207,应城,29602,YHN,应
3208,天门,29604,TMN,天
3209,京山,29606,JCN,京
3210,钟祥,29610,ZTN,钟
3211,江宁西,30920,OKH,江
3212,马鞍山东,30922,OMH,马
3213,当涂东,30924,OWH,当
3214,弋江,30928,RVH,弋
3215,繁昌西,30930,PUH,繁
3216,铜陵北所,30932,WJH,铜
3217,艮山门,32201,GSH,艮
3218,车墩,32300,MIH,车
3219,亭林,32332,TVH,亭
3220,叶榭,32333,YOH,叶
3221,金山园区,32334,REH,金
3222,金山卫,32338,BGH,金
3223,漕泾,32345,CPH,漕
3224,海湾,32346,RWH,海
3225,四团,32347,STH,四
3226,芦潮港,32348,UCH,芦
3227,塘雅所,33001,PWH,塘
3228,武义北,33003,WDH,武
3229,永康南,33005,QUH,永
3230,缙云西,33007,PYH,缙
3231,东孝所,33009,RMH,东
3232,宁波东,33761,NVH,宁
3233,奉化,33968,FHH,奉
3234,宁海,33970,NHH,宁
3235,三门县,33972,OQH,三
3236,临海,33974,UFH,临
3237,台州,33976,TZH,台
3238,温岭,33980,VHH,温
3239,雁荡山,33982,YGH,雁
3240,绅坊,33984,OLH,绅
3241,乐清,33986,UPH,乐
3242,永嘉,33988,URH,永
3243,温州南,33990,VRH,温
3244,瑞安,33994,RAH,瑞
3245,鳌江,33996,ARH,鳌
3246,苍南,33998,CEH,苍
3247,福鼎,34000,FES,福
3248,太姥山,34002,TLS,太
3249,霞浦,34004,XOS,霞
3250,福安,34006,FAS,福
3251,宁德,34008,NES,宁
3252,罗源,34010,LVS,罗
3253,连江,34012,LKS,连
3254,长临河,34112,FVH,长
3255,巢湖东,34114,GUH,巢
3256,无为,34116,IIH,无
3257,铜陵北,34118,KXH,铜
3258,南陵,34120,LLH,南
3259,泾县,34122,LOH,泾
3260,旌德,34124,NSH,旌
3261,绩溪北,34126,NRH,绩
3262,歙县北,34128,NPH,歙
3263,黄山北,34130,NYH,黄
3264,婺源,34132,WYG,婺
3265,德兴,34134,DWG,德
3266,五府山,34136,WFG,五
3267,武夷山北,34138,WBS,武
3268,武夷山东,34140,WCS,武
3269,建瓯西,34142,JUS,建
3270,南平北,34144,NBS,南
3271,古田北,34146,GBS,古
3272,闽清北,34148,MBS,闽
3273,福州南,34151,FYS,福
3274,福清,34154,FQS,福
3275,涵江,34160,HJS,涵
3276,仙游,34166,XWS,仙
3277,惠安,34168,HNS,惠
3278,泉州,34169,QYS,泉
3279,晋江,34172,JJS,晋
3280,厦门北,34178,XKS,厦
3281,樟林,34751,ZLS,樟
3282,马坑,35055,MES,马
3283,龙山镇,35058,LAS,龙
3284,南靖,35061,NJS,南
3285,草坂,35064,CBS,草
3286,漳州,35067,ZUS,漳
3287,会昌北,35108,XEG,会
3288,长汀南,35135,CNS,长
3289,古田会址,35137,STS,古
3290,井口,35140,WWW,井
3291,韶山,35732,SSQ,韶
3292,邵阳,35795,SYQ,邵
3293,芦洪市,35800,UMQ,芦
3294,零陵,35831,UWZ,零
3295,双牌,35834,SBZ,双
3296,理家坪,35836,UZZ,理
3297,道州,35837,DFZ,道
3298,江永,35840,JYZ,江
3299,江华,35843,JHZ,江
3300,富川,35846,FDZ,富
3301,钟山,35847,ZSZ,钟
3302,梧州,35850,WZZ,梧
3303,岑溪,35853,CNZ,岑
3304,马路圩,35856,MUZ,马
3305,信宜,35870,EEQ,信
3306,高州,35872,GSQ,高
3307,北流,35876,BOZ,北
3308,容县,35882,RXZ,容
3309,来宾北,36269,UCZ,来
3310,钦州北,36461,QBZ,钦
3311,万宝镇所,36476,WVQ,万
3312,双峰北,36477,NFQ,双
3313,邵东,36479,FIQ,邵
3314,那罗,36815,ULZ,那
3315,吴圩,36818,WYZ,吴
3316,大王滩,36820,DZZ,大
3317,宁村,36830,NCZ,宁
3318,大元,36833,DYZ,大
3319,那铺,36836,NPZ,那
3320,百浪,36839,BRZ,百
3321,大拟,36842,DNZ,大
3322,小董,36845,XEZ,小
3323,马皇,36851,MHZ,马
3324,钦州,36854,QRZ,钦
3325,康熙岭,36857,KXZ,康
3326,茅岭,36860,MLZ,茅
3327,防城,36863,FAZ,防
3328,防城港北,36865,FBZ,防
3329,防城港,36866,FEZ,防
3330,合浦,36882,HVZ,合
3331,北海,36885,BHZ,北
3332,湛江西,37250,ZWQ,湛
3333,雷州,37252,UAQ,雷
3334,徐闻,37256,XJQ,徐
3335,海安南,37258,VMQ,海
3336,坪上,38120,PSK,坪
3337,刘集,38867,LKI,刘
3338,郑集,38870,ZJI,郑
3339,弯集,38873,WJI,弯
3340,崔寨,38876,CZI,崔
3341,张寨,38879,ZHI,张
3342,沛县,38882,PXI,沛
3343,沛屯,38885,PUA,沛
3344,宝鸡南,39020,BBY,宝
3345,岐山,39023,QAY,岐
3346,杨陵南,39026,YEY,杨
3347,咸阳秦都,39029,XOY,咸
3348,西安北,39032,EAY,西
3349,临潼东,39035,LQY,临
3350,湾李所,39037,WSY,湾
3351,渭南北,39038,WBY,渭
3352,大荔,39039,DNY,大
3353,华山北,39041,HDY,华
3354,礼泉,39433,LGY,礼
3355,乾县,39437,QBY,乾
3356,永寿,39445,ASY,永
3357,彬县,39451,BXY,彬
3358,长武,39461,CWY,长
3359,长庆桥,39463,CQJ,长
3360,泾川,39467,JAJ,泾
3361,茂陵,39518,MAY,茂
3362,福利区,39610,FLJ,福
3363,西固,39612,XIJ,西
3364,黄羊头,39614,HOJ,黄
3365,兰州新区,39616,LQJ,兰
3366,中川机场,39618,ZJJ,中
3367,天水,39701,TSJ,天
3368,清水县,39707,QIJ,清
3369,张家川,39713,ZIJ,张
3370,永乐店,40007,YDY,永
3371,三原,40010,SAY,三
3372,蒲城,40238,PCY,蒲
3373,杜赵,40241,DEY,杜
3374,孙镇,40250,OZY,孙
3375,苏家坡,40259,SDY,苏
3376,坡底村,40268,PDY,坡
3377,洞子崖,40286,DFY,洞
3378,张家船,40313,ZBY,张
3379,刘家沟,40358,LNY,刘
3380,黄陵,40367,ULY,黄
3381,富县,40412,FEY,富
3382,道镇,40430,DSY,道
3383,甘泉,40448,GQY,甘
3384,北塬,40488,BUY,北
3385,蟠龙镇,40501,PLY,蟠
3386,瓦窑堡,40503,WOY,瓦
3387,田庄镇,40507,TZY,田
3388,牛家梁,40513,NLY,牛
3389,曹家伙场,40514,CCY,曹
3390,锦界,40516,JEY,锦
3391,西沟,40517,XGY,西
3392,神木,40518,OMY,神
3393,神木北,40519,OMV,神
3394,万水泉南,40543,WNC,万
3395,大树湾,40547,DSC,大
3396,达拉特旗,40551,DIC,达
3397,关碾房,40555,GNC,关
3398,沙坝子,40559,SQC,沙
3399,纳林沟门,40563,NMC,纳
3400,朝脑沟,40567,CAC,朝
3401,韩家村,40571,HNC,韩
3402,东胜,40575,DOC,东
3403,敖包沟,40579,AOC,敖
3404,沙沙圪台,40583,SYC,沙
3405,转龙湾,40587,ZWC,转
3406,巴图塔,40591,BWC,巴
3407,石圪台,40594,STC,石
3408,瓷窑湾,40597,CYC,瓷
3409,乌兰木伦,40601,WMC,乌
3410,神东,40605,SOC,神
3411,黄羊城,40817,HIV,黄
3412,新城川,40820,XLV,新
3413,孤山川,40823,GSV,孤
3414,府谷,40826,FUV,府
3415,保德,40829,BAV,保
3416,王家寨,40832,WIV,王
3417,阴塔,40835,ANV,阴
3418,韩家楼,40838,HKV,韩
3419,三岔镇,40841,OCV,三
3420,神池南,40844,ONV,神
3421,朔州西,40847,SXV,朔
3422,瓜州,42101,GZJ,瓜
3423,敦煌,42104,DHJ,敦
3424,绿化,42656,LWJ,绿
3425,桥西,42680,QXJ,桥
3426,狼尾山,42692,LRJ,狼
3427,镜铁山,42701,JVJ,镜
3428,精河南,43100,JIR,精
3429,尼勒克,43110,NIR,尼
3430,布列开,43112,BLR,布
3431,伊宁东,43114,YNR,伊
3432,伊宁,43116,YMR,伊
3433,霍尔果斯,43120,HFR,霍
3434,疏勒,43130,SUR,疏
3435,阿克陶,43133,AER,阿
3436,英吉沙,43136,YIR,英
3437,莎车,43148,SCR,莎
3438,泽普,43151,ZPR,泽
3439,叶城,43154,YER,叶
3440,皮山,43160,PSR,皮
3441,墨玉,43169,MUR,墨
3442,和田,43172,VTR,和
3443,五五,43327,WVR,五
3444,克拉玛依,43337,KHR,克
3445,玛纳斯湖,43350,MNR,玛
3446,和什托洛盖,43360,VSR,和
3447,福海,43375,FHR,福
3448,北屯市,43378,BXR,北
3449,饮马峡西,44347,YXO,饮
3450,饮马峡北,44348,YBO,饮
3451,泉吉河,44349,QHO,泉
3452,特门,44350,TBO,特
3453,小柴旦,44351,XCO,小
3454,东山,44352,DOO,东
3455,大头羊,44353,DYO,大
3456,大柴旦,44354,DDO,大
3457,五个圈,44355,WJO,五
3458,绿梁山,44356,LLO,绿
3459,鱼卡,44357,YKO,鱼
3460,苦水沟,44358,KHO,苦
3461,红柳,44359,HLO,红
3462,青龙沟,44361,QGO,青
3463,马海,44363,MHO,马
3464,太公,45243,TGE,太
3465,苍溪,45245,CXE,苍
3466,阆中,45247,LZE,阆
3467,南部,45249,NBE,南
3468,龙桂,45251,LGE,龙
3469,南充北,45253,NCE,南
3470,南充南,45255,NNE,南
3471,武胜,45257,WSE,武
3472,渭沱,45259,WTE,渭
3473,巴中东,46101,BDE,巴
3474,曾口,46103,ZKE,曾
3475,平昌,46107,PCE,平
3476,石桥,46111,SQE,石
3477,石梯,46113,STE,石
3478,白蜡坪,46117,BLE,白
3479,南充西,46340,NXE,南
3480,简阳南,46544,JOW,简
3481,资阳北,46545,FYW,资
3482,资中北,46546,WZW,资
3483,内江北,46547,NKW,内
3484,隆昌北,46548,NWW,隆
3485,荣昌北,46549,RQW,荣
3486,大足南,46550,FQW,大
3487,永川东,46551,WMW,永
3488,璧山,46552,FZW,璧
3489,半边山所,46553,PQW,半
3490,芭蕉沟所,46568,WTW,芭
3491,歌乐山,46569,WVW,歌
3492,广通北,48101,GPM,广
3493,禄丰南,48104,LQM,禄
3494,双湄村,48107,SRM,双
3495,大苴,48284,DIM,大
3496,大理北,48395,DYM,大
3497,挖色,48399,WEM,挖
3498,上关,48401,SGM,上
3499,鹤庆,48411,HQM,鹤
3500,丽江,48417,LHM,丽
3501,唐房村,48521,TFM,唐
3502,浸长村,48524,QCM,浸
3503,小海口,48527,XOM,小
3504,白塔村,48530,BTM,白
3505,中滩,48533,HOM,中
3506,中谊村,48536,ZIM,中
3507,玉溪南,48567,YRM,玉
3508,甸苴坝,48570,DVM,甸
3509,通海,48573,TAM,通
3510,柿花树,48576,SKM,柿
3511,曲江,48579,QIM,曲
3512,李浩寨,48582,LMM,李
3513,建水北,48585,JBM,建
3514,燕子洞,48588,YPM,燕
3515,蒙自北,48591,MBM,蒙
3516,长桥海,48594,CQM,长
3517,朗敞寨,48597,SUM,朗
3518,新现,48600,XVM,新
3519,屏边,48603,PBM,屏
3520,莲花滩,48606,LTM,莲
3521,瑶山,48609,ASM,瑶
3522,马度白,48612,MDM,马
3523,河口北,48615,HBM,河
3524,南宁西,48701,NXZ,南
3525,隆安东,48704,IDZ,隆
3526,田东北,48710,TBZ,田
3527,新坪田,49537,XPM,新
3528,瓦窑田,49540,WIM,瓦
3529,小雨谷,49546,XHM,小
3530,威箐,49555,WAM,威
3531,鲁番,49564,LVM,鲁
3532,上西铺,49567,SXM,上
3533,德保,49583,RBZ,德
3534,靖西,49589,JMZ,靖
3535,楚雄,50013,COM,楚
3536,大理,50014,DKM,大
3537,祥云,50015,EXM,祥
3538,赤木岭,50016,CML,赤
3539,南华,50018,NHS,南
3540,沙桥,50019,SQM,沙
3541,姚安,50020,YAC,姚
3542,长冲,50021,CCM,长
3543,沐滂,50022,MPQ,沐
3544,弥渡,50024,MDF,弥
3545,大理东,50025,DLF,大
3546,林歹南,50117,YTW,林
3547,织金北,50130,ZJE,织
3548,纳雍,50136,NYE,纳
3549,纳雍西,50138,NWE,纳
3550,白沙坡,50198,BPM,白
3551,平河口,50201,PHM,平
3552,白水镇,50204,BUM,白
3553,车转湾,50210,CWM,车
3554,羊尾哨,50213,YWM,羊
3555,富源,50216,FYM,富
3556,平关,50219,PGM,平
3557,喜鹊乐,50294,ELM,喜
3558,王家营,50375,WJM,王
3559,昆明北,50429,KBM,昆
3560,黑土凹,50450,HTM,黑
3561,牛街庄,50453,NJM,牛
3562,小喜村,50456,XCM,小
3563,广卫村,50459,GWM,广
3564,跑马山,50462,PMM,跑
3565,呈贡,50465,CGM,呈
3566,草坝,50612,CBM,草
3567,蒙自,50792,MZM,蒙
3568,鸡街,50834,JJM,鸡
3569,建水,50861,JSM,建
3570,荣山村所,51401,WUQ,荣
3571,西秀镇所,51403,WQQ,西
3572,亚龙湾,51420,TWQ,亚
3573,陵水,51423,LIQ,陵
3574,神州,51426,SRQ,神
3575,万宁,51429,WNQ,万
3576,博鳌,51435,BWQ,博
3577,琼海,51438,QYQ,琼
3578,文昌,51441,WEQ,文
3579,美兰,51444,MHQ,美
3580,海口东,51447,HMQ,海
3581,海口,51459,VUQ,海
3582,东方,51475,UFQ,东
3583,崖州,51480,YUQ,崖
3584,三亚,51481,SEQ,三
3585,三亚,51490,JUQ,三
3586,海口东,51492,KEQ,海
3587,老城镇,51660,ACQ,老
3588,福山镇,51662,FZQ,福
3589,临高南,51664,KGQ,临
3590,银滩,51666,CTQ,银
3591,白马井,51668,BFQ,白
3592,海头,51670,FTQ,海
3593,棋子湾,51672,QZQ,棋
3594,金月湾,51674,PYQ,金
3595,尖峰,51676,PFQ,尖
3596,黄流,51678,KLQ,黄
3597,乐东,51680,UQQ,乐
3598,凤凰机场,51682,FJQ,凤
3599,石脑,52631,SVD,石
3600,沙海,52634,SED,沙
3601,南洼,52637,NWD,南
3602,天义,52640,TND,安
3603,二龙,52643,RLD,二
3604,汐子,52649,XZD,汐
3605,乃林,52652,NLD,乃
3606,平庄南,52655,PND,平
3607,平庄,52658,PZD,平
3608,热水,52664,RSD,热
3609,元宝山,52667,YUD,元
3610,马林,52670,MID,马
3611,东沟门,52694,DGD,东
3612,东营子,52697,DYD,东
3613,刀尔登,52706,DRD,刀
3614,杨杖子,52709,YZD,杨
3615,北磴,52712,BBD,北
3616,任家店,52718,RJD,任
3617,田家沟,52721,TQD,田
3618,金杖子,52724,JYD,金
3619,宣家沟,52745,XUD,宣
3620,南汤,52754,NGD,南
3621,建北,52757,JUD,建
3622,建昌,52760,JFD,建
3623,西南杖子,52763,XGD,西
3624,钟杖子,52766,ZZD,钟
3625,玉溪,52767,YXM,玉
3626,昆阳,52768,KAM,昆
3627,南桥,52769,NQD,南
3628,杨家店,52772,YJD,杨
3629,杨树湾,52775,YCD,杨
3630,四家子,52778,SXD,四
3631,鸽子洞,52784,GID,鸽
3632,大徐屯,52790,DWD,大
3633,串子沟,52793,CZD,串
3634,刘屯,52796,LKD,刘
3635,郭家屯,52799,GJD,郭
3636,孔家沟,52811,IJD,孔
3637,柳树屯,52814,LSD,柳
3638,营北,52835,YGD,营
3639,清河门,53027,QHD,清
3640,阜新,53042,FXD,阜
3641,阿金,53066,AJD,阿
3642,新邱,53069,XQD,新
3643,大巴,53081,DBD,大
3644,罗家,53108,LUD,罗
3645,小东,53126,XOD,小
3646,大成,53165,DCT,大
3647,大青沟,53370,DSD,大
3648,三家子,53373,OID,三
3649,库伦,53376,KLD,库
3650,杨家粉坊,54119,YFT,杨
3651,革镇堡,54248,GZT,革
3652,夏家河,54251,XHT,夏
3653,叉车厂,54255,CIT,叉
3654,营城子,54257,YCT,营
